2026-09-04 22:01:24,458 [ERROR] [MainThread] [root/api.py:84]: No internet connection or host not found. Unable to fetch weather.
2026-09-04 22:01:24,467 [WARNING] [MainThread] [root/weather.py:565]: Error processing weather data: Weather data is empty.. Retrying fetch in 10 seconds.
2026-09-04 22:01:34,335 [ERROR] [MainThread] [root/api.py:84]: No internet connection or host not found. Unable to fetch weather.
2026-09-04 22:01:34,335 [WARNING] [MainThread] [root/weather.py:565]: Error processing weather data: Weather data is empty.. Retrying fetch in 10 seconds.
2026-09-04 22:01:34,459 [ERROR] [MainThread] [root/api.py:84]: No internet connection or host not found. Unable to fetch weather.
2026-09-04 22:01:34,461 [WARNING] [MainThread] [root/weather.py:565]: Error processing weather data: Weather data is empty.. Retrying fetch in 10 seconds.
2026-09-04 22:01:44,327 [ERROR] [MainThread] [root/api.py:84]: No internet connection or host not found. Unable to fetch weather.
2026-09-04 22:01:44,327 [WARNING] [MainThread] [root/weather.py:565]: Error processing weather data: Weather data is empty.. Retrying fetch in 10 seconds.
2026-09-04 22:01:44,467 [ERROR] [MainThread] [root/api.py:84]: No internet connection or host not found. Unable to fetch weather.
2026-09-04 22:01:44,469 [WARNING] [MainThread] [root/weather.py:565]: Error processing weather data: Weather data is empty.. Retrying fetch in 10 seconds.
2026-09-04 22:01:54,333 [ERROR] [MainThread] [root/api.py:84]: No internet connection or host not found. Unable to fetch weather.
2026-09-04 22:01:54,333 [WARNING] [MainThread] [root/weather.py:565]: Error processing weather data: Weather data is empty.. Retrying fetch in 10 seconds.
2026-09-04 22:01:54,474 [ERROR] [MainThread] [root/api.py:84]: No internet connection or host not found. Unable to fetch weather.
2026-09-04 22:01:54,476 [WARNING] [MainThread] [root/weather.py:565]: Error processing weather data: Weather data is empty.. Retrying fetch in 10 seconds.
2026-09-04 22:02:04,335 [ERROR] [MainThread] [root/api.py:84]: No internet connection or host not found. Unable to fetch weather.
2026-09-04 22:02:04,335 [WARNING] [MainThread] [root/weather.py:565]: Error processing weather data: Weather data is empty.. Retrying fetch in 10 seconds.
2026-09-04 22:02:04,478 [ERROR] [MainThread] [root/api.py:84]: No internet connection or host not found. Unable to fetch weather.
2026-09-04 22:02:04,480 [WARNING] [MainThread] [root/weather.py:565]: Error processing weather data: Weather data is empty.. Retrying fetch in 10 seconds.
2026-09-04 22:02:14,338 [ERROR] [MainThread] [root/api.py:84]: No internet connection or host not found. Unable to fetch weather.
2026-09-04 22:02:14,338 [WARNING] [MainThread] [root/weather.py:565]: Error processing weather data: Weather data is empty.. Retrying fetch in 10 seconds.
2026-09-04 22:02:14,478 [ERROR] [MainThread] [root/api.py:84]: No internet connection or host not found. Unable to fetch weather.
2026-09-04 22:02:14,480 [WARNING] [MainThread] [root/weather.py:565]: Error processing weather data: Weather data is empty.. Retrying fetch in 10 seconds.
2026-09-04 22:02:24,327 [ERROR] [MainThread] [root/api.py:84]: No internet connection or host not found. Unable to fetch weather.
2026-09-04 22:02:24,327 [WARNING] [MainThread] [root/weather.py:565]: Error processing weather data: Weather data is empty.. Retrying fetch in 10 seconds.
2026-09-04 22:02:24,467 [ERROR] [MainThread] [root/api.py:84]: No internet connection or host not found. Unable to fetch weather.
2026-09-04 22:02:24,469 [WARNING] [MainThread] [root/weather.py:565]: Error processing weather data: Weather data is empty.. Retrying fetch in 10 seconds.
2026-09-04 22:02:34,336 [ERROR] [MainThread] [root/api.py:84]: No internet connection or host not found. Unable to fetch weather.
2026-09-04 22:02:34,336 [WARNING] [MainThread] [root/weather.py:565]: Error processing weather data: Weather data is empty.. Retrying fetch in 10 seconds.
2026-09-04 22:02:34,478 [ERROR] [MainThread] [root/api.py:84]: No internet connection or host not found. Unable to fetch weather.
2026-09-04 22:02:34,480 [WARNING] [MainThread] [root/weather.py:565]: Error processing weather data: Weather data is empty.. Retrying fetch in 10 seconds.
2026-09-04 22:02:44,336 [ERROR] [MainThread] [root/api.py:84]: No internet connection or host not found. Unable to fetch weather.
2026-09-04 22:02:44,336 [WARNING] [MainThread] [root/weather.py:565]: Error processing weather data: Weather data is empty.. Retrying fetch in 10 seconds.
2026-09-04 22:02:44,477 [ERROR] [MainThread] [root/api.py:84]: No internet connection or host not found. Unable to fetch weather.
2026-09-04 22:02:44,479 [WARNING] [MainThread] [root/weather.py:565]: Error processing weather data: Weather data is empty.. Retrying fetch in 10 seconds.
2026-09-05 10:00:42,882 [INFO] [MainThread] [root/log.py:104]: YASB v2.0.6
2026-09-05 10:00:42,882 [INFO] [CLIPipeServer] [cli_server/cli_server.py:216]: CLI server started v1.1.7
2026-09-05 10:00:42,882 [INFO] [MainThread] [cli_server/cli_server.py:106]: Log pipe server started
2026-09-05 10:00:42,888 [INFO] [MainThread] [root/env.py:22]: Loaded environment variables from C:\Users\gim95\.config\yasb\.env
2026-09-05 10:00:43,746 [INFO] [MainThread] [root/service.py:52]: AudioOutputService starting...
2026-09-05 10:00:43,936 [INFO] [MainThread] [root/watcher.py:65]: Watching directory: c:\users\gim95\.config\yasb
2026-09-05 10:00:43,936 [INFO] [MainThread] [root/watcher.py:104]: Created file watcher
2026-09-05 10:00:43,988 [ERROR] [MainThread] [root/api.py:84]: No internet connection or host not found. Unable to fetch weather.
2026-09-05 10:00:43,988 [WARNING] [MainThread] [root/weather.py:565]: Error processing weather data: Weather data is empty.. Retrying fetch in 10 seconds.
2026-09-05 10:00:43,990 [WARNING] [MainThread] [root/weather.py:565]: Error processing weather data: Weather data is empty.. Retrying fetch in 10 seconds.
2026-09-05 10:00:53,991 [ERROR] [MainThread] [root/api.py:84]: No internet connection or host not found. Unable to fetch weather.
2026-09-05 10:00:53,991 [WARNING] [MainThread] [root/weather.py:565]: Error processing weather data: Weather data is empty.. Retrying fetch in 10 seconds.
2026-09-05 10:00:53,992 [WARNING] [MainThread] [root/weather.py:565]: Error processing weather data: Weather data is empty.. Retrying fetch in 10 seconds.
2026-09-05 10:00:53,992 [ERROR] [MainThread] [root/api.py:84]: No internet connection or host not found. Unable to fetch weather.
2026-09-05 10:01:03,985 [ERROR] [MainThread] [root/api.py:84]: No internet connection or host not found. Unable to fetch weather.
2026-09-05 10:01:03,985 [WARNING] [MainThread] [root/weather.py:565]: Error processing weather data: Weather data is empty.. Retrying fetch in 10 seconds.
2026-09-05 10:01:03,985 [WARNING] [MainThread] [root/weather.py:565]: Error processing weather data: Weather data is empty.. Retrying fetch in 10 seconds.
2026-09-05 10:01:03,986 [ERROR] [MainThread] [root/api.py:84]: No internet connection or host not found. Unable to fetch weather.
2026-09-05 10:01:13,983 [ERROR] [MainThread] [root/api.py:84]: No internet connection or host not found. Unable to fetch weather.
2026-09-05 10:01:13,983 [WARNING] [MainThread] [root/weather.py:565]: Error processing weather data: Weather data is empty.. Retrying fetch in 10 seconds.
2026-09-05 10:01:13,983 [WARNING] [MainThread] [root/weather.py:565]: Error processing weather data: Weather data is empty.. Retrying fetch in 10 seconds.
2026-09-05 10:01:13,983 [ERROR] [MainThread] [root/api.py:84]: No internet connection or host not found. Unable to fetch weather.
2026-09-05 10:01:23,989 [ERROR] [MainThread] [root/api.py:84]: No internet connection or host not found. Unable to fetch weather.
2026-09-05 10:01:23,989 [WARNING] [MainThread] [root/weather.py:565]: Error processing weather data: Weather data is empty.. Retrying fetch in 10 seconds.
2026-09-05 10:01:23,990 [WARNING] [MainThread] [root/weather.py:565]: Error processing weather data: Weather data is empty.. Retrying fetch in 10 seconds.
2026-09-05 10:01:23,991 [ERROR] [MainThread] [root/api.py:84]: No internet connection or host not found. Unable to fetch weather.
2026-09-05 10:01:33,985 [ERROR] [MainThread] [root/api.py:84]: No internet connection or host not found. Unable to fetch weather.
2026-09-05 10:01:33,985 [WARNING] [MainThread] [root/weather.py:565]: Error processing weather data: Weather data is empty.. Retrying fetch in 10 seconds.
2026-09-05 10:01:33,986 [WARNING] [MainThread] [root/weather.py:565]: Error processing weather data: Weather data is empty.. Retrying fetch in 10 seconds.
2026-09-05 10:01:33,986 [ERROR] [MainThread] [root/api.py:84]: No internet connection or host not found. Unable to fetch weather.
2026-09-05 10:01:43,995 [ERROR] [MainThread] [root/api.py:84]: No internet connection or host not found. Unable to fetch weather.
2026-09-05 10:01:43,995 [WARNING] [MainThread] [root/weather.py:565]: Error processing weather data: Weather data is empty.. Retrying fetch in 10 seconds.
2026-09-05 10:01:43,996 [WARNING] [MainThread] [root/weather.py:565]: Error processing weather data: Weather data is empty.. Retrying fetch in 10 seconds.
2026-09-05 10:01:43,996 [ERROR] [MainThread] [root/api.py:84]: No internet connection or host not found. Unable to fetch weather.
2026-09-05 10:01:53,997 [ERROR] [MainThread] [root/api.py:84]: No internet connection or host not found. Unable to fetch weather.
2026-09-05 10:01:53,997 [WARNING] [MainThread] [root/weather.py:565]: Error processing weather data: Weather data is empty.. Retrying fetch in 10 seconds.
2026-09-05 10:01:53,997 [WARNING] [MainThread] [root/weather.py:565]: Error processing weather data: Weather data is empty.. Retrying fetch in 10 seconds.
2026-09-05 10:01:53,997 [ERROR] [MainThread] [root/api.py:84]: No internet connection or host not found. Unable to fetch weather.
2026-09-05 10:02:03,997 [ERROR] [MainThread] [root/api.py:84]: No internet connection or host not found. Unable to fetch weather.
2026-09-05 10:02:03,997 [WARNING] [MainThread] [root/weather.py:565]: Error processing weather data: Weather data is empty.. Retrying fetch in 10 seconds.
2026-09-05 10:02:03,997 [WARNING] [MainThread] [root/weather.py:565]: Error processing weather data: Weather data is empty.. Retrying fetch in 10 seconds.
2026-09-05 10:02:03,998 [ERROR] [MainThread] [root/api.py:84]: No internet connection or host not found. Unable to fetch weather.
2026-09-05 10:02:13,995 [ERROR] [MainThread] [root/api.py:84]: No internet connection or host not found. Unable to fetch weather.
2026-09-05 10:02:13,995 [WARNING] [MainThread] [root/weather.py:565]: Error processing weather data: Weather data is empty.. Retrying fetch in 10 seconds.
2026-09-05 10:02:13,996 [WARNING] [MainThread] [root/weather.py:565]: Error processing weather data: Weather data is empty.. Retrying fetch in 10 seconds.
2026-09-05 10:02:13,996 [ERROR] [MainThread] [root/api.py:84]: No internet connection or host not found. Unable to fetch weather.
2026-09-05 10:02:23,988 [ERROR] [MainThread] [root/api.py:84]: No internet connection or host not found. Unable to fetch weather.
2026-09-05 10:02:23,988 [WARNING] [MainThread] [root/weather.py:565]: Error processing weather data: Weather data is empty.. Retrying fetch in 10 seconds.
2026-09-05 10:02:23,989 [WARNING] [MainThread] [root/weather.py:565]: Error processing weather data: Weather data is empty.. Retrying fetch in 10 seconds.
2026-09-05 10:02:23,989 [ERROR] [MainThread] [root/api.py:84]: No internet connection or host not found. Unable to fetch weather.
2026-09-05 10:02:33,991 [ERROR] [MainThread] [root/api.py:84]: No internet connection or host not found. Unable to fetch weather.
2026-09-05 10:02:33,991 [WARNING] [MainThread] [root/weather.py:565]: Error processing weather data: Weather data is empty.. Retrying fetch in 10 seconds.
2026-09-05 10:02:33,991 [WARNING] [MainThread] [root/weather.py:565]: Error processing weather data: Weather data is empty.. Retrying fetch in 10 seconds.
2026-09-05 10:02:33,992 [ERROR] [MainThread] [root/api.py:84]: No internet connection or host not found. Unable to fetch weather.
2026-09-05 10:02:43,995 [ERROR] [MainThread] [root/api.py:84]: No internet connection or host not found. Unable to fetch weather.
2026-09-05 10:02:43,996 [WARNING] [MainThread] [root/weather.py:565]: Error processing weather data: Weather data is empty.. Retrying fetch in 10 seconds.
2026-09-05 10:02:43,996 [WARNING] [MainThread] [root/weather.py:565]: Error processing weather data: Weather data is empty.. Retrying fetch in 10 seconds.
2026-09-05 10:02:43,996 [ERROR] [MainThread] [root/api.py:84]: No internet connection or host not found. Unable to fetch weather.
2026-09-05 10:02:53,994 [ERROR] [MainThread] [root/api.py:84]: No internet connection or host not found. Unable to fetch weather.
2026-09-05 10:02:53,994 [WARNING] [MainThread] [root/weather.py:565]: Error processing weather data: Weather data is empty.. Retrying fetch in 10 seconds.
2026-09-05 10:02:53,994 [WARNING] [MainThread] [root/weather.py:565]: Error processing weather data: Weather data is empty.. Retrying fetch in 10 seconds.
2026-09-05 10:02:53,995 [ERROR] [MainThread] [root/api.py:84]: No internet connection or host not found. Unable to fetch weather.
2026-09-05 10:03:03,997 [ERROR] [MainThread] [root/api.py:84]: No internet connection or host not found. Unable to fetch weather.
2026-09-05 10:03:03,997 [WARNING] [MainThread] [root/weather.py:565]: Error processing weather data: Weather data is empty.. Retrying fetch in 10 seconds.
2026-09-05 10:03:03,997 [WARNING] [MainThread] [root/weather.py:565]: Error processing weather data: Weather data is empty.. Retrying fetch in 10 seconds.
2026-09-05 10:03:03,998 [ERROR] [MainThread] [root/api.py:84]: No internet connection or host not found. Unable to fetch weather.
2026-09-05 10:03:13,991 [ERROR] [MainThread] [root/api.py:84]: No internet connection or host not found. Unable to fetch weather.
2026-09-05 10:03:13,991 [WARNING] [MainThread] [root/weather.py:565]: Error processing weather data: Weather data is empty.. Retrying fetch in 10 seconds.
2026-09-05 10:03:14,007 [ERROR] [MainThread] [root/api.py:84]: No internet connection or host not found. Unable to fetch weather.
2026-09-05 10:03:14,008 [WARNING] [MainThread] [root/weather.py:565]: Error processing weather data: Weather data is empty.. Retrying fetch in 10 seconds.
2026-09-05 10:03:23,984 [ERROR] [MainThread] [root/api.py:84]: No internet connection or host not found. Unable to fetch weather.
2026-09-05 10:03:23,984 [WARNING] [MainThread] [root/weather.py:565]: Error processing weather data: Weather data is empty.. Retrying fetch in 10 seconds.
2026-09-05 10:03:23,999 [ERROR] [MainThread] [root/api.py:84]: No internet connection or host not found. Unable to fetch weather.
2026-09-05 10:03:24,000 [WARNING] [MainThread] [root/weather.py:565]: Error processing weather data: Weather data is empty.. Retrying fetch in 10 seconds.
2026-09-05 10:03:33,989 [ERROR] [MainThread] [root/api.py:84]: No internet connection or host not found. Unable to fetch weather.
2026-09-05 10:03:33,989 [WARNING] [MainThread] [root/weather.py:565]: Error processing weather data: Weather data is empty.. Retrying fetch in 10 seconds.
2026-09-05 10:03:34,004 [ERROR] [MainThread] [root/api.py:84]: No internet connection or host not found. Unable to fetch weather.
2026-09-05 10:03:34,004 [WARNING] [MainThread] [root/weather.py:565]: Error processing weather data: Weather data is empty.. Retrying fetch in 10 seconds.
2026-09-05 10:03:43,995 [ERROR] [MainThread] [root/api.py:84]: No internet connection or host not found. Unable to fetch weather.
2026-09-05 10:03:43,995 [WARNING] [MainThread] [root/weather.py:565]: Error processing weather data: Weather data is empty.. Retrying fetch in 10 seconds.
2026-09-05 10:03:44,010 [ERROR] [MainThread] [root/api.py:84]: No internet connection or host not found. Unable to fetch weather.
2026-09-05 10:03:44,011 [WARNING] [MainThread] [root/weather.py:565]: Error processing weather data: Weather data is empty.. Retrying fetch in 10 seconds.
2026-09-05 10:03:53,992 [ERROR] [MainThread] [root/api.py:84]: No internet connection or host not found. Unable to fetch weather.
2026-09-05 10:03:53,992 [WARNING] [MainThread] [root/weather.py:565]: Error processing weather data: Weather data is empty.. Retrying fetch in 10 seconds.
2026-09-05 10:03:54,007 [ERROR] [MainThread] [root/api.py:84]: No internet connection or host not found. Unable to fetch weather.
2026-09-05 10:03:54,008 [WARNING] [MainThread] [root/weather.py:565]: Error processing weather data: Weather data is empty.. Retrying fetch in 10 seconds.
2026-09-05 10:04:03,989 [ERROR] [MainThread] [root/api.py:84]: No internet connection or host not found. Unable to fetch weather.
2026-09-05 10:04:03,989 [WARNING] [MainThread] [root/weather.py:565]: Error processing weather data: Weather data is empty.. Retrying fetch in 10 seconds.
2026-09-05 10:04:04,004 [ERROR] [MainThread] [root/api.py:84]: No internet connection or host not found. Unable to fetch weather.
2026-09-05 10:04:04,005 [WARNING] [MainThread] [root/weather.py:565]: Error processing weather data: Weather data is empty.. Retrying fetch in 10 seconds.
2026-09-05 10:04:13,989 [ERROR] [MainThread] [root/api.py:84]: No internet connection or host not found. Unable to fetch weather.
2026-09-05 10:04:13,989 [WARNING] [MainThread] [root/weather.py:565]: Error processing weather data: Weather data is empty.. Retrying fetch in 10 seconds.
2026-09-05 10:04:14,006 [ERROR] [MainThread] [root/api.py:84]: No internet connection or host not found. Unable to fetch weather.
2026-09-05 10:04:14,007 [WARNING] [MainThread] [root/weather.py:565]: Error processing weather data: Weather data is empty.. Retrying fetch in 10 seconds.
2026-09-05 10:04:23,997 [ERROR] [MainThread] [root/api.py:84]: No internet connection or host not found. Unable to fetch weather.
2026-09-05 10:04:23,997 [WARNING] [MainThread] [root/weather.py:565]: Error processing weather data: Weather data is empty.. Retrying fetch in 10 seconds.
2026-09-05 10:04:23,999 [ERROR] [MainThread] [root/api.py:84]: No internet connection or host not found. Unable to fetch weather.
2026-09-05 10:04:24,000 [WARNING] [MainThread] [root/weather.py:565]: Error processing weather data: Weather data is empty.. Retrying fetch in 10 seconds.
2026-09-05 10:04:33,983 [ERROR] [MainThread] [root/api.py:84]: No internet connection or host not found. Unable to fetch weather.
2026-09-05 10:04:33,983 [WARNING] [MainThread] [root/weather.py:565]: Error processing weather data: Weather data is empty.. Retrying fetch in 10 seconds.
2026-09-05 10:04:34,000 [ERROR] [MainThread] [root/api.py:84]: No internet connection or host not found. Unable to fetch weather.
2026-09-05 10:04:34,001 [WARNING] [MainThread] [root/weather.py:565]: Error processing weather data: Weather data is empty.. Retrying fetch in 10 seconds.
2026-09-05 10:04:43,998 [ERROR] [MainThread] [root/api.py:84]: No internet connection or host not found. Unable to fetch weather.
2026-09-05 10:04:43,998 [WARNING] [MainThread] [root/weather.py:565]: Error processing weather data: Weather data is empty.. Retrying fetch in 10 seconds.
2026-09-05 10:04:43,999 [WARNING] [MainThread] [root/weather.py:565]: Error processing weather data: Weather data is empty.. Retrying fetch in 10 seconds.
2026-09-05 10:04:44,000 [ERROR] [MainThread] [root/api.py:84]: No internet connection or host not found. Unable to fetch weather.
2026-09-05 10:04:54,002 [ERROR] [MainThread] [root/api.py:84]: No internet connection or host not found. Unable to fetch weather.
2026-09-05 10:04:54,002 [WARNING] [MainThread] [root/weather.py:565]: Error processing weather data: Weather data is empty.. Retrying fetch in 10 seconds.
2026-09-05 10:04:54,003 [WARNING] [MainThread] [root/weather.py:565]: Error processing weather data: Weather data is empty.. Retrying fetch in 10 seconds.
2026-09-05 10:04:54,003 [ERROR] [MainThread] [root/api.py:84]: No internet connection or host not found. Unable to fetch weather.
2026-09-05 10:05:04,005 [ERROR] [MainThread] [root/api.py:84]: No internet connection or host not found. Unable to fetch weather.
2026-09-05 10:05:04,005 [WARNING] [MainThread] [root/weather.py:565]: Error processing weather data: Weather data is empty.. Retrying fetch in 10 seconds.
2026-09-05 10:05:04,005 [WARNING] [MainThread] [root/weather.py:565]: Error processing weather data: Weather data is empty.. Retrying fetch in 10 seconds.
2026-09-05 10:05:04,006 [ERROR] [MainThread] [root/api.py:84]: No internet connection or host not found. Unable to fetch weather.
2026-09-05 10:05:14,000 [ERROR] [MainThread] [root/api.py:84]: No internet connection or host not found. Unable to fetch weather.
2026-09-05 10:05:14,001 [WARNING] [MainThread] [root/weather.py:565]: Error processing weather data: Weather data is empty.. Retrying fetch in 10 seconds.
2026-09-05 10:05:14,001 [WARNING] [MainThread] [root/weather.py:565]: Error processing weather data: Weather data is empty.. Retrying fetch in 10 seconds.
2026-09-05 10:05:14,002 [ERROR] [MainThread] [root/api.py:84]: No internet connection or host not found. Unable to fetch weather.
2026-09-05 10:05:24,002 [ERROR] [MainThread] [root/api.py:84]: No internet connection or host not found. Unable to fetch weather.
2026-09-05 10:05:24,002 [WARNING] [MainThread] [root/weather.py:565]: Error processing weather data: Weather data is empty.. Retrying fetch in 10 seconds.
2026-09-05 10:05:24,003 [WARNING] [MainThread] [root/weather.py:565]: Error processing weather data: Weather data is empty.. Retrying fetch in 10 seconds.
2026-09-05 10:05:24,003 [ERROR] [MainThread] [root/api.py:84]: No internet connection or host not found. Unable to fetch weather.
2026-09-05 10:05:34,012 [ERROR] [MainThread] [root/api.py:84]: No internet connection or host not found. Unable to fetch weather.
2026-09-05 10:05:34,012 [WARNING] [MainThread] [root/weather.py:565]: Error processing weather data: Weather data is empty.. Retrying fetch in 10 seconds.
2026-09-05 10:05:34,012 [WARNING] [MainThread] [root/weather.py:565]: Error processing weather data: Weather data is empty.. Retrying fetch in 10 seconds.
2026-09-05 10:05:34,013 [ERROR] [MainThread] [root/api.py:84]: No internet connection or host not found. Unable to fetch weather.
2026-09-05 10:05:39,259 [WARNING] [MainThread] [glazewm_client/client.py:134]: WebSocket error: SocketError.RemoteHostClosedError. Reconnecting...
2026-09-05 10:05:39,268 [WARNING] [MainThread] [glazewm_client/client.py:134]: WebSocket error: SocketError.RemoteHostClosedError. Reconnecting...
2026-09-05 10:05:39,269 [WARNING] [MainThread] [glazewm_client/client.py:134]: WebSocket error: SocketError.RemoteHostClosedError. Reconnecting...
2026-09-05 10:05:39,298 [WARNING] [MainThread] [glazewm_client/client.py:134]: WebSocket error: SocketError.RemoteHostClosedError. Reconnecting...
2026-09-05 10:05:44,003 [ERROR] [MainThread] [root/api.py:84]: No internet connection or host not found. Unable to fetch weather.
2026-09-05 10:05:44,003 [WARNING] [MainThread] [root/weather.py:565]: Error processing weather data: Weather data is empty.. Retrying fetch in 10 seconds.
2026-09-05 10:05:44,004 [WARNING] [MainThread] [root/weather.py:565]: Error processing weather data: Weather data is empty.. Retrying fetch in 10 seconds.
2026-09-05 10:05:44,004 [ERROR] [MainThread] [root/api.py:84]: No internet connection or host not found. Unable to fetch weather.
2026-09-05 10:05:54,007 [ERROR] [MainThread] [root/api.py:84]: No internet connection or host not found. Unable to fetch weather.
2026-09-05 10:05:54,008 [WARNING] [MainThread] [root/weather.py:565]: Error processing weather data: Weather data is empty.. Retrying fetch in 10 seconds.
2026-09-05 10:05:54,008 [WARNING] [MainThread] [root/weather.py:565]: Error processing weather data: Weather data is empty.. Retrying fetch in 10 seconds.
2026-09-05 10:05:54,009 [ERROR] [MainThread] [root/api.py:84]: No internet connection or host not found. Unable to fetch weather.
2026-09-05 10:06:04,009 [ERROR] [MainThread] [root/api.py:84]: No internet connection or host not found. Unable to fetch weather.
2026-09-05 10:06:04,010 [WARNING] [MainThread] [root/weather.py:565]: Error processing weather data: Weather data is empty.. Retrying fetch in 10 seconds.
2026-09-05 10:06:04,010 [WARNING] [MainThread] [root/weather.py:565]: Error processing weather data: Weather data is empty.. Retrying fetch in 10 seconds.
2026-09-05 10:06:04,011 [ERROR] [MainThread] [root/api.py:84]: No internet connection or host not found. Unable to fetch weather.
2026-09-05 10:06:14,001 [ERROR] [MainThread] [root/api.py:84]: No internet connection or host not found. Unable to fetch weather.
2026-09-05 10:06:14,001 [WARNING] [MainThread] [root/weather.py:565]: Error processing weather data: Weather data is empty.. Retrying fetch in 10 seconds.
2026-09-05 10:06:14,002 [WARNING] [MainThread] [root/weather.py:565]: Error processing weather data: Weather data is empty.. Retrying fetch in 10 seconds.
2026-09-05 10:06:14,002 [ERROR] [MainThread] [root/api.py:84]: No internet connection or host not found. Unable to fetch weather.
2026-09-05 10:06:24,012 [ERROR] [MainThread] [root/api.py:84]: No internet connection or host not found. Unable to fetch weather.
2026-09-05 10:06:24,012 [WARNING] [MainThread] [root/weather.py:565]: Error processing weather data: Weather data is empty.. Retrying fetch in 10 seconds.
2026-09-05 10:06:24,013 [WARNING] [MainThread] [root/weather.py:565]: Error processing weather data: Weather data is empty.. Retrying fetch in 10 seconds.
2026-09-05 10:06:24,013 [ERROR] [MainThread] [root/api.py:84]: No internet connection or host not found. Unable to fetch weather.
2026-09-05 10:06:34,009 [ERROR] [MainThread] [root/api.py:84]: No internet connection or host not found. Unable to fetch weather.
2026-09-05 10:06:34,009 [WARNING] [MainThread] [root/weather.py:565]: Error processing weather data: Weather data is empty.. Retrying fetch in 10 seconds.
2026-09-05 10:06:34,009 [WARNING] [MainThread] [root/weather.py:565]: Error processing weather data: Weather data is empty.. Retrying fetch in 10 seconds.
2026-09-05 10:06:34,010 [ERROR] [MainThread] [root/api.py:84]: No internet connection or host not found. Unable to fetch weather.
2026-09-05 10:06:44,001 [ERROR] [MainThread] [root/api.py:84]: No internet connection or host not found. Unable to fetch weather.
2026-09-05 10:06:44,001 [WARNING] [MainThread] [root/weather.py:565]: Error processing weather data: Weather data is empty.. Retrying fetch in 10 seconds.
2026-09-05 10:06:44,002 [WARNING] [MainThread] [root/weather.py:565]: Error processing weather data: Weather data is empty.. Retrying fetch in 10 seconds.
2026-09-05 10:06:44,003 [ERROR] [MainThread] [root/api.py:84]: No internet connection or host not found. Unable to fetch weather.
2026-09-05 10:06:54,011 [ERROR] [MainThread] [root/api.py:84]: No internet connection or host not found. Unable to fetch weather.
2026-09-05 10:06:54,012 [WARNING] [MainThread] [root/weather.py:565]: Error processing weather data: Weather data is empty.. Retrying fetch in 10 seconds.
2026-09-05 10:06:54,012 [WARNING] [MainThread] [root/weather.py:565]: Error processing weather data: Weather data is empty.. Retrying fetch in 10 seconds.
2026-09-05 10:06:54,013 [ERROR] [MainThread] [root/api.py:84]: No internet connection or host not found. Unable to fetch weather.
2026-09-05 10:07:04,008 [ERROR] [MainThread] [root/api.py:84]: No internet connection or host not found. Unable to fetch weather.
2026-09-05 10:07:04,008 [WARNING] [MainThread] [root/weather.py:565]: Error processing weather data: Weather data is empty.. Retrying fetch in 10 seconds.
2026-09-05 10:07:04,009 [WARNING] [MainThread] [root/weather.py:565]: Error processing weather data: Weather data is empty.. Retrying fetch in 10 seconds.
2026-09-05 10:07:04,009 [ERROR] [MainThread] [root/api.py:84]: No internet connection or host not found. Unable to fetch weather.
2026-09-05 10:07:14,011 [ERROR] [MainThread] [root/api.py:84]: No internet connection or host not found. Unable to fetch weather.
2026-09-05 10:07:14,011 [WARNING] [MainThread] [root/weather.py:565]: Error processing weather data: Weather data is empty.. Retrying fetch in 10 seconds.
2026-09-05 10:07:14,012 [WARNING] [MainThread] [root/weather.py:565]: Error processing weather data: Weather data is empty.. Retrying fetch in 10 seconds.
2026-09-05 10:07:14,012 [ERROR] [MainThread] [root/api.py:84]: No internet connection or host not found. Unable to fetch weather.
2026-09-05 10:07:24,010 [ERROR] [MainThread] [root/api.py:84]: No internet connection or host not found. Unable to fetch weather.
2026-09-05 10:07:24,011 [WARNING] [MainThread] [root/weather.py:565]: Error processing weather data: Weather data is empty.. Retrying fetch in 10 seconds.
2026-09-05 10:07:24,011 [WARNING] [MainThread] [root/weather.py:565]: Error processing weather data: Weather data is empty.. Retrying fetch in 10 seconds.
2026-09-05 10:07:24,012 [ERROR] [MainThread] [root/api.py:84]: No internet connection or host not found. Unable to fetch weather.
2026-09-05 10:07:34,006 [ERROR] [MainThread] [root/api.py:84]: No internet connection or host not found. Unable to fetch weather.
2026-09-05 10:07:34,007 [WARNING] [MainThread] [root/weather.py:565]: Error processing weather data: Weather data is empty.. Retrying fetch in 10 seconds.
2026-09-05 10:07:34,007 [WARNING] [MainThread] [root/weather.py:565]: Error processing weather data: Weather data is empty.. Retrying fetch in 10 seconds.
2026-09-05 10:07:34,008 [ERROR] [MainThread] [root/api.py:84]: No internet connection or host not found. Unable to fetch weather.
2026-09-05 10:07:44,007 [ERROR] [MainThread] [root/api.py:84]: No internet connection or host not found. Unable to fetch weather.
2026-09-05 10:07:44,008 [WARNING] [MainThread] [root/weather.py:565]: Error processing weather data: Weather data is empty.. Retrying fetch in 10 seconds.
2026-09-05 10:07:44,008 [WARNING] [MainThread] [root/weather.py:565]: Error processing weather data: Weather data is empty.. Retrying fetch in 10 seconds.
2026-09-05 10:07:44,009 [ERROR] [MainThread] [root/api.py:84]: No internet connection or host not found. Unable to fetch weather.
2026-09-05 10:07:54,011 [ERROR] [MainThread] [root/api.py:84]: No internet connection or host not found. Unable to fetch weather.
2026-09-05 10:07:54,011 [WARNING] [MainThread] [root/weather.py:565]: Error processing weather data: Weather data is empty.. Retrying fetch in 10 seconds.
2026-09-05 10:07:54,011 [WARNING] [MainThread] [root/weather.py:565]: Error processing weather data: Weather data is empty.. Retrying fetch in 10 seconds.
2026-09-05 10:07:54,012 [ERROR] [MainThread] [root/api.py:84]: No internet connection or host not found. Unable to fetch weather.
2026-09-05 10:08:04,001 [ERROR] [MainThread] [root/api.py:84]: No internet connection or host not found. Unable to fetch weather.
2026-09-05 10:08:04,001 [WARNING] [MainThread] [root/weather.py:565]: Error processing weather data: Weather data is empty.. Retrying fetch in 10 seconds.
2026-09-05 10:08:04,001 [WARNING] [MainThread] [root/weather.py:565]: Error processing weather data: Weather data is empty.. Retrying fetch in 10 seconds.
2026-09-05 10:08:04,002 [ERROR] [MainThread] [root/api.py:84]: No internet connection or host not found. Unable to fetch weather.
2026-09-05 10:08:13,999 [ERROR] [MainThread] [root/api.py:84]: No internet connection or host not found. Unable to fetch weather.
2026-09-05 10:08:13,999 [WARNING] [MainThread] [root/weather.py:565]: Error processing weather data: Weather data is empty.. Retrying fetch in 10 seconds.
2026-09-05 10:08:13,999 [WARNING] [MainThread] [root/weather.py:565]: Error processing weather data: Weather data is empty.. Retrying fetch in 10 seconds.
2026-09-05 10:08:14,000 [ERROR] [MainThread] [root/api.py:84]: No internet connection or host not found. Unable to fetch weather.
2026-09-05 10:08:24,012 [ERROR] [MainThread] [root/api.py:84]: No internet connection or host not found. Unable to fetch weather.
2026-09-05 10:08:24,012 [WARNING] [MainThread] [root/weather.py:565]: Error processing weather data: Weather data is empty.. Retrying fetch in 10 seconds.
2026-09-05 10:08:24,013 [WARNING] [MainThread] [root/weather.py:565]: Error processing weather data: Weather data is empty.. Retrying fetch in 10 seconds.
2026-09-05 10:08:24,014 [ERROR] [MainThread] [root/api.py:84]: No internet connection or host not found. Unable to fetch weather.
2026-09-05 10:08:34,011 [ERROR] [MainThread] [root/api.py:84]: No internet connection or host not found. Unable to fetch weather.
2026-09-05 10:08:34,012 [WARNING] [MainThread] [root/weather.py:565]: Error processing weather data: Weather data is empty.. Retrying fetch in 10 seconds.
2026-09-05 10:08:34,012 [WARNING] [MainThread] [root/weather.py:565]: Error processing weather data: Weather data is empty.. Retrying fetch in 10 seconds.
2026-09-05 10:08:34,013 [ERROR] [MainThread] [root/api.py:84]: No internet connection or host not found. Unable to fetch weather.
2026-09-05 10:08:44,000 [ERROR] [MainThread] [root/api.py:84]: No internet connection or host not found. Unable to fetch weather.
2026-09-05 10:08:44,000 [WARNING] [MainThread] [root/weather.py:565]: Error processing weather data: Weather data is empty.. Retrying fetch in 10 seconds.
2026-09-05 10:08:44,001 [WARNING] [MainThread] [root/weather.py:565]: Error processing weather data: Weather data is empty.. Retrying fetch in 10 seconds.
2026-09-05 10:08:44,001 [ERROR] [MainThread] [root/api.py:84]: No internet connection or host not found. Unable to fetch weather.
2026-09-05 10:08:54,012 [ERROR] [MainThread] [root/api.py:84]: No internet connection or host not found. Unable to fetch weather.
2026-09-05 10:08:54,012 [WARNING] [MainThread] [root/weather.py:565]: Error processing weather data: Weather data is empty.. Retrying fetch in 10 seconds.
2026-09-05 10:08:54,013 [WARNING] [MainThread] [root/weather.py:565]: Error processing weather data: Weather data is empty.. Retrying fetch in 10 seconds.
2026-09-05 10:08:54,014 [ERROR] [MainThread] [root/api.py:84]: No internet connection or host not found. Unable to fetch weather.
2026-09-05 10:09:04,011 [ERROR] [MainThread] [root/api.py:84]: No internet connection or host not found. Unable to fetch weather.
2026-09-05 10:09:04,011 [WARNING] [MainThread] [root/weather.py:565]: Error processing weather data: Weather data is empty.. Retrying fetch in 10 seconds.
2026-09-05 10:09:04,012 [WARNING] [MainThread] [root/weather.py:565]: Error processing weather data: Weather data is empty.. Retrying fetch in 10 seconds.
2026-09-05 10:09:04,012 [ERROR] [MainThread] [root/api.py:84]: No internet connection or host not found. Unable to fetch weather.
2026-09-05 10:09:14,008 [ERROR] [MainThread] [root/api.py:84]: No internet connection or host not found. Unable to fetch weather.
2026-09-05 10:09:14,008 [WARNING] [MainThread] [root/weather.py:565]: Error processing weather data: Weather data is empty.. Retrying fetch in 10 seconds.
2026-09-05 10:09:14,009 [WARNING] [MainThread] [root/weather.py:565]: Error processing weather data: Weather data is empty.. Retrying fetch in 10 seconds.
2026-09-05 10:09:14,010 [ERROR] [MainThread] [root/api.py:84]: No internet connection or host not found. Unable to fetch weather.
2026-09-05 10:09:24,005 [ERROR] [MainThread] [root/api.py:84]: No internet connection or host not found. Unable to fetch weather.
2026-09-05 10:09:24,005 [WARNING] [MainThread] [root/weather.py:565]: Error processing weather data: Weather data is empty.. Retrying fetch in 10 seconds.
2026-09-05 10:09:24,006 [WARNING] [MainThread] [root/weather.py:565]: Error processing weather data: Weather data is empty.. Retrying fetch in 10 seconds.
2026-09-05 10:09:24,006 [ERROR] [MainThread] [root/api.py:84]: No internet connection or host not found. Unable to fetch weather.
2026-09-05 10:09:34,004 [ERROR] [MainThread] [root/api.py:84]: No internet connection or host not found. Unable to fetch weather.
2026-09-05 10:09:34,004 [WARNING] [MainThread] [root/weather.py:565]: Error processing weather data: Weather data is empty.. Retrying fetch in 10 seconds.
2026-09-05 10:09:34,004 [WARNING] [MainThread] [root/weather.py:565]: Error processing weather data: Weather data is empty.. Retrying fetch in 10 seconds.
2026-09-05 10:09:34,005 [ERROR] [MainThread] [root/api.py:84]: No internet connection or host not found. Unable to fetch weather.
2026-09-05 10:09:44,000 [ERROR] [MainThread] [root/api.py:84]: No internet connection or host not found. Unable to fetch weather.
2026-09-05 10:09:44,000 [WARNING] [MainThread] [root/weather.py:565]: Error processing weather data: Weather data is empty.. Retrying fetch in 10 seconds.
2026-09-05 10:09:44,001 [WARNING] [MainThread] [root/weather.py:565]: Error processing weather data: Weather data is empty.. Retrying fetch in 10 seconds.
2026-09-05 10:09:44,002 [ERROR] [MainThread] [root/api.py:84]: No internet connection or host not found. Unable to fetch weather.
2026-09-05 10:09:54,014 [ERROR] [MainThread] [root/api.py:84]: No internet connection or host not found. Unable to fetch weather.
2026-09-05 10:09:54,014 [WARNING] [MainThread] [root/weather.py:565]: Error processing weather data: Weather data is empty.. Retrying fetch in 10 seconds.
2026-09-05 10:09:54,015 [WARNING] [MainThread] [root/weather.py:565]: Error processing weather data: Weather data is empty.. Retrying fetch in 10 seconds.
2026-09-05 10:09:54,015 [ERROR] [MainThread] [root/api.py:84]: No internet connection or host not found. Unable to fetch weather.
2026-09-05 10:10:04,021 [ERROR] [MainThread] [root/api.py:84]: No internet connection or host not found. Unable to fetch weather.
2026-09-05 10:10:04,021 [WARNING] [MainThread] [root/weather.py:565]: Error processing weather data: Weather data is empty.. Retrying fetch in 10 seconds.
2026-09-05 10:10:04,022 [WARNING] [MainThread] [root/weather.py:565]: Error processing weather data: Weather data is empty.. Retrying fetch in 10 seconds.
2026-09-05 10:10:04,023 [ERROR] [MainThread] [root/api.py:84]: No internet connection or host not found. Unable to fetch weather.
2026-09-05 10:10:14,023 [ERROR] [MainThread] [root/api.py:84]: No internet connection or host not found. Unable to fetch weather.
2026-09-05 10:10:14,023 [WARNING] [MainThread] [root/weather.py:565]: Error processing weather data: Weather data is empty.. Retrying fetch in 10 seconds.
2026-09-05 10:10:14,023 [WARNING] [MainThread] [root/weather.py:565]: Error processing weather data: Weather data is empty.. Retrying fetch in 10 seconds.
2026-09-05 10:10:14,024 [ERROR] [MainThread] [root/api.py:84]: No internet connection or host not found. Unable to fetch weather.
2026-09-05 10:10:24,022 [ERROR] [MainThread] [root/api.py:84]: No internet connection or host not found. Unable to fetch weather.
2026-09-05 10:10:24,022 [WARNING] [MainThread] [root/weather.py:565]: Error processing weather data: Weather data is empty.. Retrying fetch in 10 seconds.
2026-09-05 10:10:24,023 [WARNING] [MainThread] [root/weather.py:565]: Error processing weather data: Weather data is empty.. Retrying fetch in 10 seconds.
2026-09-05 10:10:24,023 [ERROR] [MainThread] [root/api.py:84]: No internet connection or host not found. Unable to fetch weather.
2026-09-05 10:10:34,017 [ERROR] [MainThread] [root/api.py:84]: No internet connection or host not found. Unable to fetch weather.
2026-09-05 10:10:34,017 [WARNING] [MainThread] [root/weather.py:565]: Error processing weather data: Weather data is empty.. Retrying fetch in 10 seconds.
2026-09-05 10:10:34,018 [WARNING] [MainThread] [root/weather.py:565]: Error processing weather data: Weather data is empty.. Retrying fetch in 10 seconds.
2026-09-05 10:10:34,019 [ERROR] [MainThread] [root/api.py:84]: No internet connection or host not found. Unable to fetch weather.
2026-09-05 10:10:43,043 [ERROR] [MainThread] [root/api.py:84]: No internet connection or host not found. Unable to fetch weather.
2026-09-05 10:10:44,026 [ERROR] [MainThread] [root/api.py:84]: No internet connection or host not found. Unable to fetch weather.
2026-09-05 10:10:44,026 [WARNING] [MainThread] [root/weather.py:565]: Error processing weather data: Weather data is empty.. Retrying fetch in 10 seconds.
2026-09-05 10:10:44,026 [WARNING] [MainThread] [root/weather.py:565]: Error processing weather data: Weather data is empty.. Retrying fetch in 10 seconds.
2026-09-05 10:10:44,027 [ERROR] [MainThread] [root/api.py:84]: No internet connection or host not found. Unable to fetch weather.
2026-09-05 10:10:54,015 [ERROR] [MainThread] [root/api.py:84]: No internet connection or host not found. Unable to fetch weather.
2026-09-05 10:10:54,015 [WARNING] [MainThread] [root/weather.py:565]: Error processing weather data: Weather data is empty.. Retrying fetch in 10 seconds.
2026-09-05 10:10:54,016 [WARNING] [MainThread] [root/weather.py:565]: Error processing weather data: Weather data is empty.. Retrying fetch in 10 seconds.
2026-09-05 10:10:54,017 [ERROR] [MainThread] [root/api.py:84]: No internet connection or host not found. Unable to fetch weather.
2026-09-05 10:11:04,022 [ERROR] [MainThread] [root/api.py:84]: No internet connection or host not found. Unable to fetch weather.
2026-09-05 10:11:04,022 [WARNING] [MainThread] [root/weather.py:565]: Error processing weather data: Weather data is empty.. Retrying fetch in 10 seconds.
2026-09-05 10:11:04,023 [WARNING] [MainThread] [root/weather.py:565]: Error processing weather data: Weather data is empty.. Retrying fetch in 10 seconds.
2026-09-05 10:11:04,023 [ERROR] [MainThread] [root/api.py:84]: No internet connection or host not found. Unable to fetch weather.
2026-09-05 10:11:14,021 [ERROR] [MainThread] [root/api.py:84]: No internet connection or host not found. Unable to fetch weather.
2026-09-05 10:11:14,021 [WARNING] [MainThread] [root/weather.py:565]: Error processing weather data: Weather data is empty.. Retrying fetch in 10 seconds.
2026-09-05 10:11:14,022 [WARNING] [MainThread] [root/weather.py:565]: Error processing weather data: Weather data is empty.. Retrying fetch in 10 seconds.
2026-09-05 10:11:14,023 [ERROR] [MainThread] [root/api.py:84]: No internet connection or host not found. Unable to fetch weather.
2026-09-05 10:11:24,022 [ERROR] [MainThread] [root/api.py:84]: No internet connection or host not found. Unable to fetch weather.
2026-09-05 10:11:24,022 [WARNING] [MainThread] [root/weather.py:565]: Error processing weather data: Weather data is empty.. Retrying fetch in 10 seconds.
2026-09-05 10:11:24,023 [WARNING] [MainThread] [root/weather.py:565]: Error processing weather data: Weather data is empty.. Retrying fetch in 10 seconds.
2026-09-05 10:11:24,024 [ERROR] [MainThread] [root/api.py:84]: No internet connection or host not found. Unable to fetch weather.
2026-09-05 10:11:34,016 [ERROR] [MainThread] [root/api.py:84]: No internet connection or host not found. Unable to fetch weather.
2026-09-05 10:11:34,016 [WARNING] [MainThread] [root/weather.py:565]: Error processing weather data: Weather data is empty.. Retrying fetch in 10 seconds.
2026-09-05 10:11:34,017 [WARNING] [MainThread] [root/weather.py:565]: Error processing weather data: Weather data is empty.. Retrying fetch in 10 seconds.
2026-09-05 10:11:34,018 [ERROR] [MainThread] [root/api.py:84]: No internet connection or host not found. Unable to fetch weather.
2026-09-05 10:11:44,014 [ERROR] [MainThread] [root/api.py:84]: No internet connection or host not found. Unable to fetch weather.
2026-09-05 10:11:44,014 [WARNING] [MainThread] [root/weather.py:565]: Error processing weather data: Weather data is empty.. Retrying fetch in 10 seconds.
2026-09-05 10:11:44,015 [WARNING] [MainThread] [root/weather.py:565]: Error processing weather data: Weather data is empty.. Retrying fetch in 10 seconds.
2026-09-05 10:11:44,015 [ERROR] [MainThread] [root/api.py:84]: No internet connection or host not found. Unable to fetch weather.
2026-09-05 10:11:54,014 [ERROR] [MainThread] [root/api.py:84]: No internet connection or host not found. Unable to fetch weather.
2026-09-05 10:11:54,014 [WARNING] [MainThread] [root/weather.py:565]: Error processing weather data: Weather data is empty.. Retrying fetch in 10 seconds.
2026-09-05 10:11:54,015 [WARNING] [MainThread] [root/weather.py:565]: Error processing weather data: Weather data is empty.. Retrying fetch in 10 seconds.
2026-09-05 10:11:54,016 [ERROR] [MainThread] [root/api.py:84]: No internet connection or host not found. Unable to fetch weather.
2026-09-05 10:12:04,018 [ERROR] [MainThread] [root/api.py:84]: No internet connection or host not found. Unable to fetch weather.
2026-09-05 10:12:04,019 [WARNING] [MainThread] [root/weather.py:565]: Error processing weather data: Weather data is empty.. Retrying fetch in 10 seconds.
2026-09-05 10:12:04,019 [WARNING] [MainThread] [root/weather.py:565]: Error processing weather data: Weather data is empty.. Retrying fetch in 10 seconds.
2026-09-05 10:12:04,020 [ERROR] [MainThread] [root/api.py:84]: No internet connection or host not found. Unable to fetch weather.
2026-09-05 10:12:14,013 [ERROR] [MainThread] [root/api.py:84]: No internet connection or host not found. Unable to fetch weather.
2026-09-05 10:12:14,014 [WARNING] [MainThread] [root/weather.py:565]: Error processing weather data: Weather data is empty.. Retrying fetch in 10 seconds.
2026-09-05 10:12:14,014 [WARNING] [MainThread] [root/weather.py:565]: Error processing weather data: Weather data is empty.. Retrying fetch in 10 seconds.
2026-09-05 10:12:14,015 [ERROR] [MainThread] [root/api.py:84]: No internet connection or host not found. Unable to fetch weather.
2026-09-05 10:12:24,020 [ERROR] [MainThread] [root/api.py:84]: No internet connection or host not found. Unable to fetch weather.
2026-09-05 10:12:24,020 [WARNING] [MainThread] [root/weather.py:565]: Error processing weather data: Weather data is empty.. Retrying fetch in 10 seconds.
2026-09-05 10:12:24,021 [WARNING] [MainThread] [root/weather.py:565]: Error processing weather data: Weather data is empty.. Retrying fetch in 10 seconds.
2026-09-05 10:12:24,021 [ERROR] [MainThread] [root/api.py:84]: No internet connection or host not found. Unable to fetch weather.
2026-09-05 10:12:34,019 [ERROR] [MainThread] [root/api.py:84]: No internet connection or host not found. Unable to fetch weather.
2026-09-05 10:12:34,020 [WARNING] [MainThread] [root/weather.py:565]: Error processing weather data: Weather data is empty.. Retrying fetch in 10 seconds.
2026-09-05 10:12:34,021 [WARNING] [MainThread] [root/weather.py:565]: Error processing weather data: Weather data is empty.. Retrying fetch in 10 seconds.
2026-09-05 10:12:34,021 [ERROR] [MainThread] [root/api.py:84]: No internet connection or host not found. Unable to fetch weather.
2026-09-05 10:12:44,020 [ERROR] [MainThread] [root/api.py:84]: No internet connection or host not found. Unable to fetch weather.
2026-09-05 10:12:44,020 [WARNING] [MainThread] [root/weather.py:565]: Error processing weather data: Weather data is empty.. Retrying fetch in 10 seconds.
2026-09-05 10:12:44,021 [WARNING] [MainThread] [root/weather.py:565]: Error processing weather data: Weather data is empty.. Retrying fetch in 10 seconds.
2026-09-05 10:12:44,022 [ERROR] [MainThread] [root/api.py:84]: No internet connection or host not found. Unable to fetch weather.
2026-09-05 10:12:54,026 [ERROR] [MainThread] [root/api.py:84]: No internet connection or host not found. Unable to fetch weather.
2026-09-05 10:12:54,026 [WARNING] [MainThread] [root/weather.py:565]: Error processing weather data: Weather data is empty.. Retrying fetch in 10 seconds.
2026-09-05 10:12:54,027 [WARNING] [MainThread] [root/weather.py:565]: Error processing weather data: Weather data is empty.. Retrying fetch in 10 seconds.
2026-09-05 10:12:54,027 [ERROR] [MainThread] [root/api.py:84]: No internet connection or host not found. Unable to fetch weather.
2026-09-05 10:13:04,022 [ERROR] [MainThread] [root/api.py:84]: No internet connection or host not found. Unable to fetch weather.
2026-09-05 10:13:04,022 [WARNING] [MainThread] [root/weather.py:565]: Error processing weather data: Weather data is empty.. Retrying fetch in 10 seconds.
2026-09-05 10:13:04,023 [WARNING] [MainThread] [root/weather.py:565]: Error processing weather data: Weather data is empty.. Retrying fetch in 10 seconds.
2026-09-05 10:13:04,024 [ERROR] [MainThread] [root/api.py:84]: No internet connection or host not found. Unable to fetch weather.
2026-09-05 10:13:14,021 [ERROR] [MainThread] [root/api.py:84]: No internet connection or host not found. Unable to fetch weather.
2026-09-05 10:13:14,022 [WARNING] [MainThread] [root/weather.py:565]: Error processing weather data: Weather data is empty.. Retrying fetch in 10 seconds.
2026-09-05 10:13:14,022 [WARNING] [MainThread] [root/weather.py:565]: Error processing weather data: Weather data is empty.. Retrying fetch in 10 seconds.
2026-09-05 10:13:14,023 [ERROR] [MainThread] [root/api.py:84]: No internet connection or host not found. Unable to fetch weather.
2026-09-05 10:13:24,023 [ERROR] [MainThread] [root/api.py:84]: No internet connection or host not found. Unable to fetch weather.
2026-09-05 10:13:24,023 [WARNING] [MainThread] [root/weather.py:565]: Error processing weather data: Weather data is empty.. Retrying fetch in 10 seconds.
2026-09-05 10:13:24,024 [WARNING] [MainThread] [root/weather.py:565]: Error processing weather data: Weather data is empty.. Retrying fetch in 10 seconds.
2026-09-05 10:13:24,025 [ERROR] [MainThread] [root/api.py:84]: No internet connection or host not found. Unable to fetch weather.
2026-09-05 10:13:34,024 [ERROR] [MainThread] [root/api.py:84]: No internet connection or host not found. Unable to fetch weather.
2026-09-05 10:13:34,024 [WARNING] [MainThread] [root/weather.py:565]: Error processing weather data: Weather data is empty.. Retrying fetch in 10 seconds.
2026-09-05 10:13:34,025 [WARNING] [MainThread] [root/weather.py:565]: Error processing weather data: Weather data is empty.. Retrying fetch in 10 seconds.
2026-09-05 10:13:34,026 [ERROR] [MainThread] [root/api.py:84]: No internet connection or host not found. Unable to fetch weather.
2026-09-05 10:13:44,028 [ERROR] [MainThread] [root/api.py:84]: No internet connection or host not found. Unable to fetch weather.
2026-09-05 10:13:44,028 [WARNING] [MainThread] [root/weather.py:565]: Error processing weather data: Weather data is empty.. Retrying fetch in 10 seconds.
2026-09-05 10:13:44,029 [WARNING] [MainThread] [root/weather.py:565]: Error processing weather data: Weather data is empty.. Retrying fetch in 10 seconds.
2026-09-05 10:13:44,030 [ERROR] [MainThread] [root/api.py:84]: No internet connection or host not found. Unable to fetch weather.
2026-09-05 10:13:54,022 [ERROR] [MainThread] [root/api.py:84]: No internet connection or host not found. Unable to fetch weather.
2026-09-05 10:13:54,022 [WARNING] [MainThread] [root/weather.py:565]: Error processing weather data: Weather data is empty.. Retrying fetch in 10 seconds.
2026-09-05 10:13:54,037 [ERROR] [MainThread] [root/api.py:84]: No internet connection or host not found. Unable to fetch weather.
2026-09-05 10:13:54,038 [WARNING] [MainThread] [root/weather.py:565]: Error processing weather data: Weather data is empty.. Retrying fetch in 10 seconds.
2026-09-05 10:14:04,020 [ERROR] [MainThread] [root/api.py:84]: No internet connection or host not found. Unable to fetch weather.
2026-09-05 10:14:04,020 [WARNING] [MainThread] [root/weather.py:565]: Error processing weather data: Weather data is empty.. Retrying fetch in 10 seconds.
2026-09-05 10:14:04,036 [ERROR] [MainThread] [root/api.py:84]: No internet connection or host not found. Unable to fetch weather.
2026-09-05 10:14:04,037 [WARNING] [MainThread] [root/weather.py:565]: Error processing weather data: Weather data is empty.. Retrying fetch in 10 seconds.
2026-09-05 10:14:14,028 [ERROR] [MainThread] [root/api.py:84]: No internet connection or host not found. Unable to fetch weather.
2026-09-05 10:14:14,028 [WARNING] [MainThread] [root/weather.py:565]: Error processing weather data: Weather data is empty.. Retrying fetch in 10 seconds.
2026-09-05 10:14:14,031 [ERROR] [MainThread] [root/api.py:84]: No internet connection or host not found. Unable to fetch weather.
2026-09-05 10:14:14,032 [WARNING] [MainThread] [root/weather.py:565]: Error processing weather data: Weather data is empty.. Retrying fetch in 10 seconds.
2026-09-05 10:14:24,015 [ERROR] [MainThread] [root/api.py:84]: No internet connection or host not found. Unable to fetch weather.
2026-09-05 10:14:24,015 [WARNING] [MainThread] [root/weather.py:565]: Error processing weather data: Weather data is empty.. Retrying fetch in 10 seconds.
2026-09-05 10:14:24,031 [ERROR] [MainThread] [root/api.py:84]: No internet connection or host not found. Unable to fetch weather.
2026-09-05 10:14:24,032 [WARNING] [MainThread] [root/weather.py:565]: Error processing weather data: Weather data is empty.. Retrying fetch in 10 seconds.
2026-09-05 10:14:34,017 [ERROR] [MainThread] [root/api.py:84]: No internet connection or host not found. Unable to fetch weather.
2026-09-05 10:14:34,017 [WARNING] [MainThread] [root/weather.py:565]: Error processing weather data: Weather data is empty.. Retrying fetch in 10 seconds.
2026-09-05 10:14:34,032 [ERROR] [MainThread] [root/api.py:84]: No internet connection or host not found. Unable to fetch weather.
2026-09-05 10:14:34,033 [WARNING] [MainThread] [root/weather.py:565]: Error processing weather data: Weather data is empty.. Retrying fetch in 10 seconds.
2026-09-05 10:14:44,018 [ERROR] [MainThread] [root/api.py:84]: No internet connection or host not found. Unable to fetch weather.
2026-09-05 10:14:44,019 [WARNING] [MainThread] [root/weather.py:565]: Error processing weather data: Weather data is empty.. Retrying fetch in 10 seconds.
2026-09-05 10:14:44,034 [ERROR] [MainThread] [root/api.py:84]: No internet connection or host not found. Unable to fetch weather.
2026-09-05 10:14:44,035 [WARNING] [MainThread] [root/weather.py:565]: Error processing weather data: Weather data is empty.. Retrying fetch in 10 seconds.
2026-09-05 10:14:54,016 [ERROR] [MainThread] [root/api.py:84]: No internet connection or host not found. Unable to fetch weather.
2026-09-05 10:14:54,016 [WARNING] [MainThread] [root/weather.py:565]: Error processing weather data: Weather data is empty.. Retrying fetch in 10 seconds.
2026-09-05 10:14:54,032 [ERROR] [MainThread] [root/api.py:84]: No internet connection or host not found. Unable to fetch weather.
2026-09-05 10:14:54,032 [WARNING] [MainThread] [root/weather.py:565]: Error processing weather data: Weather data is empty.. Retrying fetch in 10 seconds.
2026-09-05 10:15:04,027 [ERROR] [MainThread] [root/api.py:84]: No internet connection or host not found. Unable to fetch weather.
2026-09-05 10:15:04,027 [WARNING] [MainThread] [root/weather.py:565]: Error processing weather data: Weather data is empty.. Retrying fetch in 10 seconds.
2026-09-05 10:15:04,031 [ERROR] [MainThread] [root/api.py:84]: No internet connection or host not found. Unable to fetch weather.
2026-09-05 10:15:04,032 [WARNING] [MainThread] [root/weather.py:565]: Error processing weather data: Weather data is empty.. Retrying fetch in 10 seconds.
2026-09-05 10:15:14,017 [ERROR] [MainThread] [root/api.py:84]: No internet connection or host not found. Unable to fetch weather.
2026-09-05 10:15:14,017 [WARNING] [MainThread] [root/weather.py:565]: Error processing weather data: Weather data is empty.. Retrying fetch in 10 seconds.
2026-09-05 10:15:14,033 [ERROR] [MainThread] [root/api.py:84]: No internet connection or host not found. Unable to fetch weather.
2026-09-05 10:15:14,034 [WARNING] [MainThread] [root/weather.py:565]: Error processing weather data: Weather data is empty.. Retrying fetch in 10 seconds.
2026-09-05 10:15:24,023 [ERROR] [MainThread] [root/api.py:84]: No internet connection or host not found. Unable to fetch weather.
2026-09-05 10:15:24,023 [WARNING] [MainThread] [root/weather.py:565]: Error processing weather data: Weather data is empty.. Retrying fetch in 10 seconds.
2026-09-05 10:15:24,039 [ERROR] [MainThread] [root/api.py:84]: No internet connection or host not found. Unable to fetch weather.
2026-09-05 10:15:24,040 [WARNING] [MainThread] [root/weather.py:565]: Error processing weather data: Weather data is empty.. Retrying fetch in 10 seconds.
2026-09-05 10:15:34,022 [ERROR] [MainThread] [root/api.py:84]: No internet connection or host not found. Unable to fetch weather.
2026-09-05 10:15:34,023 [WARNING] [MainThread] [root/weather.py:565]: Error processing weather data: Weather data is empty.. Retrying fetch in 10 seconds.
2026-09-05 10:15:34,039 [ERROR] [MainThread] [root/api.py:84]: No internet connection or host not found. Unable to fetch weather.
2026-09-05 10:15:34,040 [WARNING] [MainThread] [root/weather.py:565]: Error processing weather data: Weather data is empty.. Retrying fetch in 10 seconds.
2026-09-05 10:15:44,015 [ERROR] [MainThread] [root/api.py:84]: No internet connection or host not found. Unable to fetch weather.
2026-09-05 10:15:44,015 [WARNING] [MainThread] [root/weather.py:565]: Error processing weather data: Weather data is empty.. Retrying fetch in 10 seconds.
2026-09-05 10:15:44,031 [ERROR] [MainThread] [root/api.py:84]: No internet connection or host not found. Unable to fetch weather.
2026-09-05 10:15:44,031 [WARNING] [MainThread] [root/weather.py:565]: Error processing weather data: Weather data is empty.. Retrying fetch in 10 seconds.
2026-09-05 10:15:54,015 [ERROR] [MainThread] [root/api.py:84]: No internet connection or host not found. Unable to fetch weather.
2026-09-05 10:15:54,015 [WARNING] [MainThread] [root/weather.py:565]: Error processing weather data: Weather data is empty.. Retrying fetch in 10 seconds.
2026-09-05 10:15:54,030 [ERROR] [MainThread] [root/api.py:84]: No internet connection or host not found. Unable to fetch weather.
2026-09-05 10:15:54,031 [WARNING] [MainThread] [root/weather.py:565]: Error processing weather data: Weather data is empty.. Retrying fetch in 10 seconds.
2026-09-05 10:16:04,025 [ERROR] [MainThread] [root/api.py:84]: No internet connection or host not found. Unable to fetch weather.
2026-09-05 10:16:04,025 [WARNING] [MainThread] [root/weather.py:565]: Error processing weather data: Weather data is empty.. Retrying fetch in 10 seconds.
2026-09-05 10:16:04,040 [ERROR] [MainThread] [root/api.py:84]: No internet connection or host not found. Unable to fetch weather.
2026-09-05 10:16:04,041 [WARNING] [MainThread] [root/weather.py:565]: Error processing weather data: Weather data is empty.. Retrying fetch in 10 seconds.
2026-09-05 10:16:14,025 [ERROR] [MainThread] [root/api.py:84]: No internet connection or host not found. Unable to fetch weather.
2026-09-05 10:16:14,025 [WARNING] [MainThread] [root/weather.py:565]: Error processing weather data: Weather data is empty.. Retrying fetch in 10 seconds.
2026-09-05 10:16:14,041 [ERROR] [MainThread] [root/api.py:84]: No internet connection or host not found. Unable to fetch weather.
2026-09-05 10:16:14,041 [WARNING] [MainThread] [root/weather.py:565]: Error processing weather data: Weather data is empty.. Retrying fetch in 10 seconds.
2026-09-05 10:16:24,021 [ERROR] [MainThread] [root/api.py:84]: No internet connection or host not found. Unable to fetch weather.
2026-09-05 10:16:24,021 [WARNING] [MainThread] [root/weather.py:565]: Error processing weather data: Weather data is empty.. Retrying fetch in 10 seconds.
2026-09-05 10:16:24,036 [ERROR] [MainThread] [root/api.py:84]: No internet connection or host not found. Unable to fetch weather.
2026-09-05 10:16:24,037 [WARNING] [MainThread] [root/weather.py:565]: Error processing weather data: Weather data is empty.. Retrying fetch in 10 seconds.
2026-09-05 10:16:34,021 [ERROR] [MainThread] [root/api.py:84]: No internet connection or host not found. Unable to fetch weather.
2026-09-05 10:16:34,021 [WARNING] [MainThread] [root/weather.py:565]: Error processing weather data: Weather data is empty.. Retrying fetch in 10 seconds.
2026-09-05 10:16:34,037 [ERROR] [MainThread] [root/api.py:84]: No internet connection or host not found. Unable to fetch weather.
2026-09-05 10:16:34,038 [WARNING] [MainThread] [root/weather.py:565]: Error processing weather data: Weather data is empty.. Retrying fetch in 10 seconds.
2026-09-05 10:16:44,021 [ERROR] [MainThread] [root/api.py:84]: No internet connection or host not found. Unable to fetch weather.
2026-09-05 10:16:44,021 [WARNING] [MainThread] [root/weather.py:565]: Error processing weather data: Weather data is empty.. Retrying fetch in 10 seconds.
2026-09-05 10:16:44,037 [ERROR] [MainThread] [root/api.py:84]: No internet connection or host not found. Unable to fetch weather.
2026-09-05 10:16:44,038 [WARNING] [MainThread] [root/weather.py:565]: Error processing weather data: Weather data is empty.. Retrying fetch in 10 seconds.
2026-09-05 10:16:54,030 [ERROR] [MainThread] [root/api.py:84]: No internet connection or host not found. Unable to fetch weather.
2026-09-05 10:16:54,030 [WARNING] [MainThread] [root/weather.py:565]: Error processing weather data: Weather data is empty.. Retrying fetch in 10 seconds.
2026-09-05 10:16:54,031 [WARNING] [MainThread] [root/weather.py:565]: Error processing weather data: Weather data is empty.. Retrying fetch in 10 seconds.
2026-09-05 10:16:54,032 [ERROR] [MainThread] [root/api.py:84]: No internet connection or host not found. Unable to fetch weather.
2026-09-05 10:17:04,030 [ERROR] [MainThread] [root/api.py:84]: No internet connection or host not found. Unable to fetch weather.
2026-09-05 10:17:04,030 [WARNING] [MainThread] [root/weather.py:565]: Error processing weather data: Weather data is empty.. Retrying fetch in 10 seconds.
2026-09-05 10:17:04,031 [WARNING] [MainThread] [root/weather.py:565]: Error processing weather data: Weather data is empty.. Retrying fetch in 10 seconds.
2026-09-05 10:17:04,032 [ERROR] [MainThread] [root/api.py:84]: No internet connection or host not found. Unable to fetch weather.
2026-09-05 10:17:14,044 [ERROR] [MainThread] [root/api.py:84]: No internet connection or host not found. Unable to fetch weather.
2026-09-05 10:17:14,044 [WARNING] [MainThread] [root/weather.py:565]: Error processing weather data: Weather data is empty.. Retrying fetch in 10 seconds.
2026-09-05 10:17:14,045 [WARNING] [MainThread] [root/weather.py:565]: Error processing weather data: Weather data is empty.. Retrying fetch in 10 seconds.
2026-09-05 10:17:14,046 [ERROR] [MainThread] [root/api.py:84]: No internet connection or host not found. Unable to fetch weather.
2026-09-05 10:17:24,057 [ERROR] [MainThread] [root/api.py:84]: No internet connection or host not found. Unable to fetch weather.
2026-09-05 10:17:24,057 [WARNING] [MainThread] [root/weather.py:565]: Error processing weather data: Weather data is empty.. Retrying fetch in 10 seconds.
2026-09-05 10:17:24,058 [WARNING] [MainThread] [root/weather.py:565]: Error processing weather data: Weather data is empty.. Retrying fetch in 10 seconds.
2026-09-05 10:17:24,059 [ERROR] [MainThread] [root/api.py:84]: No internet connection or host not found. Unable to fetch weather.
2026-09-05 10:17:34,045 [ERROR] [MainThread] [root/api.py:84]: No internet connection or host not found. Unable to fetch weather.
2026-09-05 10:17:34,045 [WARNING] [MainThread] [root/weather.py:565]: Error processing weather data: Weather data is empty.. Retrying fetch in 10 seconds.
2026-09-05 10:17:34,046 [WARNING] [MainThread] [root/weather.py:565]: Error processing weather data: Weather data is empty.. Retrying fetch in 10 seconds.
2026-09-05 10:17:34,047 [ERROR] [MainThread] [root/api.py:84]: No internet connection or host not found. Unable to fetch weather.
2026-09-05 10:17:44,054 [ERROR] [MainThread] [root/api.py:84]: No internet connection or host not found. Unable to fetch weather.
2026-09-05 10:17:44,054 [WARNING] [MainThread] [root/weather.py:565]: Error processing weather data: Weather data is empty.. Retrying fetch in 10 seconds.
2026-09-05 10:17:44,055 [WARNING] [MainThread] [root/weather.py:565]: Error processing weather data: Weather data is empty.. Retrying fetch in 10 seconds.
2026-09-05 10:17:44,056 [ERROR] [MainThread] [root/api.py:84]: No internet connection or host not found. Unable to fetch weather.
2026-09-05 10:17:54,056 [ERROR] [MainThread] [root/api.py:84]: No internet connection or host not found. Unable to fetch weather.
2026-09-05 10:17:54,056 [WARNING] [MainThread] [root/weather.py:565]: Error processing weather data: Weather data is empty.. Retrying fetch in 10 seconds.
2026-09-05 10:17:54,057 [WARNING] [MainThread] [root/weather.py:565]: Error processing weather data: Weather data is empty.. Retrying fetch in 10 seconds.
2026-09-05 10:17:54,058 [ERROR] [MainThread] [root/api.py:84]: No internet connection or host not found. Unable to fetch weather.
2026-09-05 10:18:04,060 [ERROR] [MainThread] [root/api.py:84]: No internet connection or host not found. Unable to fetch weather.
2026-09-05 10:18:04,060 [WARNING] [MainThread] [root/weather.py:565]: Error processing weather data: Weather data is empty.. Retrying fetch in 10 seconds.
2026-09-05 10:18:04,061 [WARNING] [MainThread] [root/weather.py:565]: Error processing weather data: Weather data is empty.. Retrying fetch in 10 seconds.
2026-09-05 10:18:04,062 [ERROR] [MainThread] [root/api.py:84]: No internet connection or host not found. Unable to fetch weather.
2026-09-05 10:18:14,055 [ERROR] [MainThread] [root/api.py:84]: No internet connection or host not found. Unable to fetch weather.
2026-09-05 10:18:14,055 [WARNING] [MainThread] [root/weather.py:565]: Error processing weather data: Weather data is empty.. Retrying fetch in 10 seconds.
2026-09-05 10:18:14,070 [ERROR] [MainThread] [root/api.py:84]: No internet connection or host not found. Unable to fetch weather.
2026-09-05 10:18:14,071 [WARNING] [MainThread] [root/weather.py:565]: Error processing weather data: Weather data is empty.. Retrying fetch in 10 seconds.
2026-09-05 10:18:24,058 [ERROR] [MainThread] [root/api.py:84]: No internet connection or host not found. Unable to fetch weather.
2026-09-05 10:18:24,058 [WARNING] [MainThread] [root/weather.py:565]: Error processing weather data: Weather data is empty.. Retrying fetch in 10 seconds.
2026-09-05 10:18:24,062 [ERROR] [MainThread] [root/api.py:84]: No internet connection or host not found. Unable to fetch weather.
2026-09-05 10:18:24,063 [WARNING] [MainThread] [root/weather.py:565]: Error processing weather data: Weather data is empty.. Retrying fetch in 10 seconds.
2026-09-05 10:18:34,051 [ERROR] [MainThread] [root/api.py:84]: No internet connection or host not found. Unable to fetch weather.
2026-09-05 10:18:34,051 [WARNING] [MainThread] [root/weather.py:565]: Error processing weather data: Weather data is empty.. Retrying fetch in 10 seconds.
2026-09-05 10:18:34,066 [ERROR] [MainThread] [root/api.py:84]: No internet connection or host not found. Unable to fetch weather.
2026-09-05 10:18:34,067 [WARNING] [MainThread] [root/weather.py:565]: Error processing weather data: Weather data is empty.. Retrying fetch in 10 seconds.
2026-09-05 10:18:44,052 [ERROR] [MainThread] [root/api.py:84]: No internet connection or host not found. Unable to fetch weather.
2026-09-05 10:18:44,052 [WARNING] [MainThread] [root/weather.py:565]: Error processing weather data: Weather data is empty.. Retrying fetch in 10 seconds.
2026-09-05 10:18:44,068 [ERROR] [MainThread] [root/api.py:84]: No internet connection or host not found. Unable to fetch weather.
2026-09-05 10:18:44,069 [WARNING] [MainThread] [root/weather.py:565]: Error processing weather data: Weather data is empty.. Retrying fetch in 10 seconds.
2026-09-05 10:18:54,048 [ERROR] [MainThread] [root/api.py:84]: No internet connection or host not found. Unable to fetch weather.
2026-09-05 10:18:54,048 [WARNING] [MainThread] [root/weather.py:565]: Error processing weather data: Weather data is empty.. Retrying fetch in 10 seconds.
2026-09-05 10:18:54,064 [ERROR] [MainThread] [root/api.py:84]: No internet connection or host not found. Unable to fetch weather.
2026-09-05 10:18:54,065 [WARNING] [MainThread] [root/weather.py:565]: Error processing weather data: Weather data is empty.. Retrying fetch in 10 seconds.
2026-09-05 10:19:04,051 [ERROR] [MainThread] [root/api.py:84]: No internet connection or host not found. Unable to fetch weather.
2026-09-05 10:19:04,051 [WARNING] [MainThread] [root/weather.py:565]: Error processing weather data: Weather data is empty.. Retrying fetch in 10 seconds.
2026-09-05 10:19:04,067 [ERROR] [MainThread] [root/api.py:84]: No internet connection or host not found. Unable to fetch weather.
2026-09-05 10:19:04,068 [WARNING] [MainThread] [root/weather.py:565]: Error processing weather data: Weather data is empty.. Retrying fetch in 10 seconds.
2026-09-05 10:19:14,056 [ERROR] [MainThread] [root/api.py:84]: No internet connection or host not found. Unable to fetch weather.
2026-09-05 10:19:14,056 [WARNING] [MainThread] [root/weather.py:565]: Error processing weather data: Weather data is empty.. Retrying fetch in 10 seconds.
2026-09-05 10:19:14,072 [ERROR] [MainThread] [root/api.py:84]: No internet connection or host not found. Unable to fetch weather.
2026-09-05 10:19:14,073 [WARNING] [MainThread] [root/weather.py:565]: Error processing weather data: Weather data is empty.. Retrying fetch in 10 seconds.
2026-09-05 10:19:24,060 [ERROR] [MainThread] [root/api.py:84]: No internet connection or host not found. Unable to fetch weather.
2026-09-05 10:19:24,060 [WARNING] [MainThread] [root/weather.py:565]: Error processing weather data: Weather data is empty.. Retrying fetch in 10 seconds.
2026-09-05 10:19:24,064 [ERROR] [MainThread] [root/api.py:84]: No internet connection or host not found. Unable to fetch weather.
2026-09-05 10:19:24,065 [WARNING] [MainThread] [root/weather.py:565]: Error processing weather data: Weather data is empty.. Retrying fetch in 10 seconds.
2026-09-05 10:19:34,061 [ERROR] [MainThread] [root/api.py:84]: No internet connection or host not found. Unable to fetch weather.
2026-09-05 10:19:34,061 [WARNING] [MainThread] [root/weather.py:565]: Error processing weather data: Weather data is empty.. Retrying fetch in 10 seconds.
2026-09-05 10:19:34,062 [WARNING] [MainThread] [root/weather.py:565]: Error processing weather data: Weather data is empty.. Retrying fetch in 10 seconds.
2026-09-05 10:19:34,063 [ERROR] [MainThread] [root/api.py:84]: No internet connection or host not found. Unable to fetch weather.
2026-09-05 10:19:44,062 [ERROR] [MainThread] [root/api.py:84]: No internet connection or host not found. Unable to fetch weather.
2026-09-05 10:19:44,062 [WARNING] [MainThread] [root/weather.py:565]: Error processing weather data: Weather data is empty.. Retrying fetch in 10 seconds.
2026-09-05 10:19:44,063 [WARNING] [MainThread] [root/weather.py:565]: Error processing weather data: Weather data is empty.. Retrying fetch in 10 seconds.
2026-09-05 10:19:44,064 [ERROR] [MainThread] [root/api.py:84]: No internet connection or host not found. Unable to fetch weather.
2026-09-05 10:19:54,071 [ERROR] [MainThread] [root/api.py:84]: No internet connection or host not found. Unable to fetch weather.
2026-09-05 10:19:54,071 [WARNING] [MainThread] [root/weather.py:565]: Error processing weather data: Weather data is empty.. Retrying fetch in 10 seconds.
2026-09-05 10:19:54,072 [WARNING] [MainThread] [root/weather.py:565]: Error processing weather data: Weather data is empty.. Retrying fetch in 10 seconds.
2026-09-05 10:19:54,073 [ERROR] [MainThread] [root/api.py:84]: No internet connection or host not found. Unable to fetch weather.
2026-09-05 10:20:04,074 [ERROR] [MainThread] [root/api.py:84]: No internet connection or host not found. Unable to fetch weather.
2026-09-05 10:20:04,074 [WARNING] [MainThread] [root/weather.py:565]: Error processing weather data: Weather data is empty.. Retrying fetch in 10 seconds.
2026-09-05 10:20:04,075 [WARNING] [MainThread] [root/weather.py:565]: Error processing weather data: Weather data is empty.. Retrying fetch in 10 seconds.
2026-09-05 10:20:04,076 [ERROR] [MainThread] [root/api.py:84]: No internet connection or host not found. Unable to fetch weather.
2026-09-05 10:20:14,067 [ERROR] [MainThread] [root/api.py:84]: No internet connection or host not found. Unable to fetch weather.
2026-09-05 10:20:14,067 [WARNING] [MainThread] [root/weather.py:565]: Error processing weather data: Weather data is empty.. Retrying fetch in 10 seconds.
2026-09-05 10:20:14,069 [WARNING] [MainThread] [root/weather.py:565]: Error processing weather data: Weather data is empty.. Retrying fetch in 10 seconds.
2026-09-05 10:20:14,070 [ERROR] [MainThread] [root/api.py:84]: No internet connection or host not found. Unable to fetch weather.
2026-09-05 10:20:24,075 [ERROR] [MainThread] [root/api.py:84]: No internet connection or host not found. Unable to fetch weather.
2026-09-05 10:20:24,076 [WARNING] [MainThread] [root/weather.py:565]: Error processing weather data: Weather data is empty.. Retrying fetch in 10 seconds.
2026-09-05 10:20:24,077 [WARNING] [MainThread] [root/weather.py:565]: Error processing weather data: Weather data is empty.. Retrying fetch in 10 seconds.
2026-09-05 10:20:24,078 [ERROR] [MainThread] [root/api.py:84]: No internet connection or host not found. Unable to fetch weather.
2026-09-05 10:20:34,078 [ERROR] [MainThread] [root/api.py:84]: No internet connection or host not found. Unable to fetch weather.
2026-09-05 10:20:34,078 [WARNING] [MainThread] [root/weather.py:565]: Error processing weather data: Weather data is empty.. Retrying fetch in 10 seconds.
2026-09-05 10:20:34,079 [WARNING] [MainThread] [root/weather.py:565]: Error processing weather data: Weather data is empty.. Retrying fetch in 10 seconds.
2026-09-05 10:20:34,080 [ERROR] [MainThread] [root/api.py:84]: No internet connection or host not found. Unable to fetch weather.
2026-09-05 10:20:43,034 [ERROR] [MainThread] [root/api.py:84]: No internet connection or host not found. Unable to fetch weather.
2026-09-05 10:20:44,080 [ERROR] [MainThread] [root/api.py:84]: No internet connection or host not found. Unable to fetch weather.
2026-09-05 10:20:44,080 [WARNING] [MainThread] [root/weather.py:565]: Error processing weather data: Weather data is empty.. Retrying fetch in 10 seconds.
2026-09-05 10:20:44,081 [WARNING] [MainThread] [root/weather.py:565]: Error processing weather data: Weather data is empty.. Retrying fetch in 10 seconds.
2026-09-05 10:20:44,083 [ERROR] [MainThread] [root/api.py:84]: No internet connection or host not found. Unable to fetch weather.
2026-09-05 10:20:54,081 [ERROR] [MainThread] [root/api.py:84]: No internet connection or host not found. Unable to fetch weather.
2026-09-05 10:20:54,081 [WARNING] [MainThread] [root/weather.py:565]: Error processing weather data: Weather data is empty.. Retrying fetch in 10 seconds.
2026-09-05 10:20:54,082 [WARNING] [MainThread] [root/weather.py:565]: Error processing weather data: Weather data is empty.. Retrying fetch in 10 seconds.
2026-09-05 10:20:54,083 [ERROR] [MainThread] [root/api.py:84]: No internet connection or host not found. Unable to fetch weather.
2026-09-05 10:21:04,081 [ERROR] [MainThread] [root/api.py:84]: No internet connection or host not found. Unable to fetch weather.
2026-09-05 10:21:04,081 [WARNING] [MainThread] [root/weather.py:565]: Error processing weather data: Weather data is empty.. Retrying fetch in 10 seconds.
2026-09-05 10:21:04,082 [WARNING] [MainThread] [root/weather.py:565]: Error processing weather data: Weather data is empty.. Retrying fetch in 10 seconds.
2026-09-05 10:21:04,083 [ERROR] [MainThread] [root/api.py:84]: No internet connection or host not found. Unable to fetch weather.
2026-09-05 10:21:14,081 [ERROR] [MainThread] [root/api.py:84]: No internet connection or host not found. Unable to fetch weather.
2026-09-05 10:21:14,081 [WARNING] [MainThread] [root/weather.py:565]: Error processing weather data: Weather data is empty.. Retrying fetch in 10 seconds.
2026-09-05 10:21:14,082 [WARNING] [MainThread] [root/weather.py:565]: Error processing weather data: Weather data is empty.. Retrying fetch in 10 seconds.
2026-09-05 10:21:14,083 [ERROR] [MainThread] [root/api.py:84]: No internet connection or host not found. Unable to fetch weather.
2026-09-05 10:21:24,086 [ERROR] [MainThread] [root/api.py:84]: No internet connection or host not found. Unable to fetch weather.
2026-09-05 10:21:24,086 [WARNING] [MainThread] [root/weather.py:565]: Error processing weather data: Weather data is empty.. Retrying fetch in 10 seconds.
2026-09-05 10:21:24,087 [WARNING] [MainThread] [root/weather.py:565]: Error processing weather data: Weather data is empty.. Retrying fetch in 10 seconds.
2026-09-05 10:21:24,088 [ERROR] [MainThread] [root/api.py:84]: No internet connection or host not found. Unable to fetch weather.
2026-09-05 10:21:34,086 [ERROR] [MainThread] [root/api.py:84]: No internet connection or host not found. Unable to fetch weather.
2026-09-05 10:21:34,086 [WARNING] [MainThread] [root/weather.py:565]: Error processing weather data: Weather data is empty.. Retrying fetch in 10 seconds.
2026-09-05 10:21:34,087 [WARNING] [MainThread] [root/weather.py:565]: Error processing weather data: Weather data is empty.. Retrying fetch in 10 seconds.
2026-09-05 10:21:34,088 [ERROR] [MainThread] [root/api.py:84]: No internet connection or host not found. Unable to fetch weather.
2026-09-05 10:21:44,082 [ERROR] [MainThread] [root/api.py:84]: No internet connection or host not found. Unable to fetch weather.
2026-09-05 10:21:44,082 [WARNING] [MainThread] [root/weather.py:565]: Error processing weather data: Weather data is empty.. Retrying fetch in 10 seconds.
2026-09-05 10:21:44,083 [WARNING] [MainThread] [root/weather.py:565]: Error processing weather data: Weather data is empty.. Retrying fetch in 10 seconds.
2026-09-05 10:21:44,084 [ERROR] [MainThread] [root/api.py:84]: No internet connection or host not found. Unable to fetch weather.
2026-09-05 10:21:54,084 [ERROR] [MainThread] [root/api.py:84]: No internet connection or host not found. Unable to fetch weather.
2026-09-05 10:21:54,084 [WARNING] [MainThread] [root/weather.py:565]: Error processing weather data: Weather data is empty.. Retrying fetch in 10 seconds.
2026-09-05 10:21:54,085 [WARNING] [MainThread] [root/weather.py:565]: Error processing weather data: Weather data is empty.. Retrying fetch in 10 seconds.
2026-09-05 10:21:54,086 [ERROR] [MainThread] [root/api.py:84]: No internet connection or host not found. Unable to fetch weather.
2026-09-05 10:22:04,076 [ERROR] [MainThread] [root/api.py:84]: No internet connection or host not found. Unable to fetch weather.
2026-09-05 10:22:04,076 [WARNING] [MainThread] [root/weather.py:565]: Error processing weather data: Weather data is empty.. Retrying fetch in 10 seconds.
2026-09-05 10:22:04,078 [WARNING] [MainThread] [root/weather.py:565]: Error processing weather data: Weather data is empty.. Retrying fetch in 10 seconds.
2026-09-05 10:22:04,079 [ERROR] [MainThread] [root/api.py:84]: No internet connection or host not found. Unable to fetch weather.
2026-09-05 10:22:14,090 [ERROR] [MainThread] [root/api.py:84]: No internet connection or host not found. Unable to fetch weather.
2026-09-05 10:22:14,090 [WARNING] [MainThread] [root/weather.py:565]: Error processing weather data: Weather data is empty.. Retrying fetch in 10 seconds.
2026-09-05 10:22:14,091 [WARNING] [MainThread] [root/weather.py:565]: Error processing weather data: Weather data is empty.. Retrying fetch in 10 seconds.
2026-09-05 10:22:14,093 [ERROR] [MainThread] [root/api.py:84]: No internet connection or host not found. Unable to fetch weather.
2026-09-05 10:22:24,092 [ERROR] [MainThread] [root/api.py:84]: No internet connection or host not found. Unable to fetch weather.
2026-09-05 10:22:24,092 [WARNING] [MainThread] [root/weather.py:565]: Error processing weather data: Weather data is empty.. Retrying fetch in 10 seconds.
2026-09-05 10:22:24,095 [ERROR] [MainThread] [root/api.py:84]: No internet connection or host not found. Unable to fetch weather.
2026-09-05 10:22:24,097 [WARNING] [MainThread] [root/weather.py:565]: Error processing weather data: Weather data is empty.. Retrying fetch in 10 seconds.
2026-09-05 10:22:34,102 [ERROR] [MainThread] [root/api.py:84]: No internet connection or host not found. Unable to fetch weather.
2026-09-05 10:22:34,103 [WARNING] [MainThread] [root/weather.py:565]: Error processing weather data: Weather data is empty.. Retrying fetch in 10 seconds.
2026-09-05 10:22:34,104 [WARNING] [MainThread] [root/weather.py:565]: Error processing weather data: Weather data is empty.. Retrying fetch in 10 seconds.
2026-09-05 10:22:34,105 [ERROR] [MainThread] [root/api.py:84]: No internet connection or host not found. Unable to fetch weather.
2026-09-05 10:22:44,093 [ERROR] [MainThread] [root/api.py:84]: No internet connection or host not found. Unable to fetch weather.
2026-09-05 10:22:44,093 [WARNING] [MainThread] [root/weather.py:565]: Error processing weather data: Weather data is empty.. Retrying fetch in 10 seconds.
2026-09-05 10:22:44,094 [WARNING] [MainThread] [root/weather.py:565]: Error processing weather data: Weather data is empty.. Retrying fetch in 10 seconds.
2026-09-05 10:22:44,095 [ERROR] [MainThread] [root/api.py:84]: No internet connection or host not found. Unable to fetch weather.
2026-09-05 10:22:54,096 [ERROR] [MainThread] [root/api.py:84]: No internet connection or host not found. Unable to fetch weather.
2026-09-05 10:22:54,096 [WARNING] [MainThread] [root/weather.py:565]: Error processing weather data: Weather data is empty.. Retrying fetch in 10 seconds.
2026-09-05 10:22:54,097 [WARNING] [MainThread] [root/weather.py:565]: Error processing weather data: Weather data is empty.. Retrying fetch in 10 seconds.
2026-09-05 10:22:54,098 [ERROR] [MainThread] [root/api.py:84]: No internet connection or host not found. Unable to fetch weather.
2026-09-05 10:23:04,095 [ERROR] [MainThread] [root/api.py:84]: No internet connection or host not found. Unable to fetch weather.
2026-09-05 10:23:04,095 [WARNING] [MainThread] [root/weather.py:565]: Error processing weather data: Weather data is empty.. Retrying fetch in 10 seconds.
2026-09-05 10:23:04,097 [WARNING] [MainThread] [root/weather.py:565]: Error processing weather data: Weather data is empty.. Retrying fetch in 10 seconds.
2026-09-05 10:23:04,098 [ERROR] [MainThread] [root/api.py:84]: No internet connection or host not found. Unable to fetch weather.
2026-09-05 10:23:14,098 [ERROR] [MainThread] [root/api.py:84]: No internet connection or host not found. Unable to fetch weather.
2026-09-05 10:23:14,098 [WARNING] [MainThread] [root/weather.py:565]: Error processing weather data: Weather data is empty.. Retrying fetch in 10 seconds.
2026-09-05 10:23:14,099 [WARNING] [MainThread] [root/weather.py:565]: Error processing weather data: Weather data is empty.. Retrying fetch in 10 seconds.
2026-09-05 10:23:14,100 [ERROR] [MainThread] [root/api.py:84]: No internet connection or host not found. Unable to fetch weather.
2026-09-05 10:23:24,097 [ERROR] [MainThread] [root/api.py:84]: No internet connection or host not found. Unable to fetch weather.
2026-09-05 10:23:24,097 [WARNING] [MainThread] [root/weather.py:565]: Error processing weather data: Weather data is empty.. Retrying fetch in 10 seconds.
2026-09-05 10:23:24,098 [WARNING] [MainThread] [root/weather.py:565]: Error processing weather data: Weather data is empty.. Retrying fetch in 10 seconds.
2026-09-05 10:23:24,099 [ERROR] [MainThread] [root/api.py:84]: No internet connection or host not found. Unable to fetch weather.
2026-09-05 10:23:34,098 [ERROR] [MainThread] [root/api.py:84]: No internet connection or host not found. Unable to fetch weather.
2026-09-05 10:23:34,098 [WARNING] [MainThread] [root/weather.py:565]: Error processing weather data: Weather data is empty.. Retrying fetch in 10 seconds.
2026-09-05 10:23:34,099 [WARNING] [MainThread] [root/weather.py:565]: Error processing weather data: Weather data is empty.. Retrying fetch in 10 seconds.
2026-09-05 10:23:34,100 [ERROR] [MainThread] [root/api.py:84]: No internet connection or host not found. Unable to fetch weather.
2026-09-05 10:23:44,105 [ERROR] [MainThread] [root/api.py:84]: No internet connection or host not found. Unable to fetch weather.
2026-09-05 10:23:44,105 [WARNING] [MainThread] [root/weather.py:565]: Error processing weather data: Weather data is empty.. Retrying fetch in 10 seconds.
2026-09-05 10:23:44,106 [WARNING] [MainThread] [root/weather.py:565]: Error processing weather data: Weather data is empty.. Retrying fetch in 10 seconds.
2026-09-05 10:23:44,107 [ERROR] [MainThread] [root/api.py:84]: No internet connection or host not found. Unable to fetch weather.
2026-09-05 10:23:54,103 [ERROR] [MainThread] [root/api.py:84]: No internet connection or host not found. Unable to fetch weather.
2026-09-05 10:23:54,103 [WARNING] [MainThread] [root/weather.py:565]: Error processing weather data: Weather data is empty.. Retrying fetch in 10 seconds.
2026-09-05 10:23:54,104 [WARNING] [MainThread] [root/weather.py:565]: Error processing weather data: Weather data is empty.. Retrying fetch in 10 seconds.
2026-09-05 10:23:54,106 [ERROR] [MainThread] [root/api.py:84]: No internet connection or host not found. Unable to fetch weather.
2026-09-05 10:24:04,103 [ERROR] [MainThread] [root/api.py:84]: No internet connection or host not found. Unable to fetch weather.
2026-09-05 10:24:04,103 [WARNING] [MainThread] [root/weather.py:565]: Error processing weather data: Weather data is empty.. Retrying fetch in 10 seconds.
2026-09-05 10:24:04,105 [WARNING] [MainThread] [root/weather.py:565]: Error processing weather data: Weather data is empty.. Retrying fetch in 10 seconds.
2026-09-05 10:24:04,106 [ERROR] [MainThread] [root/api.py:84]: No internet connection or host not found. Unable to fetch weather.
2026-09-05 10:24:14,097 [ERROR] [MainThread] [root/api.py:84]: No internet connection or host not found. Unable to fetch weather.
2026-09-05 10:24:14,097 [WARNING] [MainThread] [root/weather.py:565]: Error processing weather data: Weather data is empty.. Retrying fetch in 10 seconds.
2026-09-05 10:24:14,099 [WARNING] [MainThread] [root/weather.py:565]: Error processing weather data: Weather data is empty.. Retrying fetch in 10 seconds.
2026-09-05 10:24:14,100 [ERROR] [MainThread] [root/api.py:84]: No internet connection or host not found. Unable to fetch weather.
2026-09-05 10:24:24,094 [ERROR] [MainThread] [root/api.py:84]: No internet connection or host not found. Unable to fetch weather.
2026-09-05 10:24:24,094 [WARNING] [MainThread] [root/weather.py:565]: Error processing weather data: Weather data is empty.. Retrying fetch in 10 seconds.
2026-09-05 10:24:24,096 [WARNING] [MainThread] [root/weather.py:565]: Error processing weather data: Weather data is empty.. Retrying fetch in 10 seconds.
2026-09-05 10:24:24,097 [ERROR] [MainThread] [root/api.py:84]: No internet connection or host not found. Unable to fetch weather.
2026-09-05 10:24:34,107 [ERROR] [MainThread] [root/api.py:84]: No internet connection or host not found. Unable to fetch weather.
2026-09-05 10:24:34,107 [WARNING] [MainThread] [root/weather.py:565]: Error processing weather data: Weather data is empty.. Retrying fetch in 10 seconds.
2026-09-05 10:24:34,108 [WARNING] [MainThread] [root/weather.py:565]: Error processing weather data: Weather data is empty.. Retrying fetch in 10 seconds.
2026-09-05 10:24:34,109 [ERROR] [MainThread] [root/api.py:84]: No internet connection or host not found. Unable to fetch weather.
2026-09-05 10:24:44,121 [ERROR] [MainThread] [root/api.py:84]: No internet connection or host not found. Unable to fetch weather.
2026-09-05 10:24:44,121 [WARNING] [MainThread] [root/weather.py:565]: Error processing weather data: Weather data is empty.. Retrying fetch in 10 seconds.
2026-09-05 10:24:44,122 [WARNING] [MainThread] [root/weather.py:565]: Error processing weather data: Weather data is empty.. Retrying fetch in 10 seconds.
2026-09-05 10:24:44,124 [ERROR] [MainThread] [root/api.py:84]: No internet connection or host not found. Unable to fetch weather.
2026-09-05 10:24:54,682 [INFO] [MainThread] [root/api.py:69]: Fetching new weather data at 2026-09-05 10:24:54.682593
2026-09-05 10:24:54,692 [INFO] [MainThread] [root/api.py:69]: Fetching new weather data at 2026-09-05 10:24:54.692289
2026-09-05 10:30:44,128 [INFO] [MainThread] [root/api.py:69]: Fetching new weather data at 2026-09-05 10:30:44.128520
2026-09-05 10:40:43,516 [INFO] [MainThread] [root/api.py:69]: Fetching new weather data at 2026-09-05 10:40:43.516243
2026-09-05 10:50:43,500 [INFO] [MainThread] [root/api.py:69]: Fetching new weather data at 2026-09-05 10:50:43.500070
2026-09-05 11:00:43,466 [INFO] [MainThread] [root/api.py:69]: Fetching new weather data at 2026-09-05 11:00:43.466414
2026-09-05 11:10:43,522 [INFO] [MainThread] [root/api.py:69]: Fetching new weather data at 2026-09-05 11:10:43.522230
2026-09-05 11:20:43,489 [INFO] [MainThread] [root/api.py:69]: Fetching new weather data at 2026-09-05 11:20:43.489049
2026-09-05 11:30:43,507 [INFO] [MainThread] [root/api.py:69]: Fetching new weather data at 2026-09-05 11:30:43.507750
2026-09-05 11:40:43,494 [INFO] [MainThread] [root/api.py:69]: Fetching new weather data at 2026-09-05 11:40:43.494812
2026-09-05 11:50:43,533 [INFO] [MainThread] [root/api.py:69]: Fetching new weather data at 2026-09-05 11:50:43.533442
2026-09-05 12:00:43,499 [INFO] [MainThread] [root/api.py:69]: Fetching new weather data at 2026-09-05 12:00:43.499053
2026-09-05 12:10:43,577 [INFO] [MainThread] [root/api.py:69]: Fetching new weather data at 2026-09-05 12:10:43.577530
2026-09-05 12:20:43,530 [INFO] [MainThread] [root/api.py:69]: Fetching new weather data at 2026-09-05 12:20:43.530309
2026-09-05 12:30:43,497 [INFO] [MainThread] [root/api.py:69]: Fetching new weather data at 2026-09-05 12:30:43.497222
2026-09-05 12:40:43,608 [INFO] [MainThread] [root/api.py:69]: Fetching new weather data at 2026-09-05 12:40:43.608422
2026-09-05 12:50:43,519 [INFO] [MainThread] [root/api.py:69]: Fetching new weather data at 2026-09-05 12:50:43.519810
2026-09-05 14:18:39,592 [INFO] [MainThread] [root/log.py:104]: YASB v2.0.6
2026-09-05 14:18:39,592 [INFO] [CLIPipeServer] [cli_server/cli_server.py:216]: CLI server started v1.1.7
2026-09-05 14:18:39,592 [INFO] [MainThread] [cli_server/cli_server.py:106]: Log pipe server started
2026-09-05 14:18:39,597 [INFO] [MainThread] [root/env.py:22]: Loaded environment variables from C:\Users\gim95\.config\yasb\.env
2026-09-05 14:18:40,479 [INFO] [MainThread] [root/service.py:52]: AudioOutputService starting...
2026-09-05 14:18:40,711 [INFO] [MainThread] [root/watcher.py:65]: Watching directory: c:\users\gim95\.config\yasb
2026-09-05 14:18:40,711 [INFO] [MainThread] [root/watcher.py:104]: Created file watcher
2026-09-05 14:18:41,274 [INFO] [MainThread] [root/api.py:69]: Fetching new weather data at 2026-09-05 14:18:41.274515
2026-09-05 14:21:36,483 [WARNING] [MainThread] [glazewm_client/client.py:134]: WebSocket error: SocketError.RemoteHostClosedError. Reconnecting...
2026-09-05 14:21:36,492 [WARNING] [MainThread] [glazewm_client/client.py:134]: WebSocket error: SocketError.RemoteHostClosedError. Reconnecting...
2026-09-05 14:21:36,493 [WARNING] [MainThread] [glazewm_client/client.py:134]: WebSocket error: SocketError.RemoteHostClosedError. Reconnecting...
2026-09-05 14:21:36,515 [WARNING] [MainThread] [glazewm_client/client.py:134]: WebSocket error: SocketError.RemoteHostClosedError. Reconnecting...
2026-09-05 14:28:40,191 [INFO] [MainThread] [root/api.py:69]: Fetching new weather data at 2026-09-05 14:28:40.191335
2026-09-05 14:38:40,230 [INFO] [MainThread] [root/api.py:69]: Fetching new weather data at 2026-09-05 14:38:40.230876
2026-09-05 14:48:40,232 [INFO] [MainThread] [root/api.py:69]: Fetching new weather data at 2026-09-05 14:48:40.232235
2026-09-05 14:58:40,184 [INFO] [MainThread] [root/api.py:69]: Fetching new weather data at 2026-09-05 14:58:40.184448
2026-09-05 15:08:40,232 [INFO] [MainThread] [root/api.py:69]: Fetching new weather data at 2026-09-05 15:08:40.232138
2026-09-05 15:18:40,340 [INFO] [MainThread] [root/api.py:69]: Fetching new weather data at 2026-09-05 15:18:40.340905
2026-09-05 15:28:40,203 [INFO] [MainThread] [root/api.py:69]: Fetching new weather data at 2026-09-05 15:28:40.203140
2026-09-05 15:38:40,220 [INFO] [MainThread] [root/api.py:69]: Fetching new weather data at 2026-09-05 15:38:40.220680
2026-09-05 15:48:40,198 [INFO] [MainThread] [root/api.py:69]: Fetching new weather data at 2026-09-05 15:48:40.198921
2026-09-05 15:58:40,241 [INFO] [MainThread] [root/api.py:69]: Fetching new weather data at 2026-09-05 15:58:40.241789
2026-09-05 16:08:40,224 [INFO] [MainThread] [root/api.py:69]: Fetching new weather data at 2026-09-05 16:08:40.224374
2026-09-05 16:18:40,207 [INFO] [MainThread] [root/api.py:69]: Fetching new weather data at 2026-09-05 16:18:40.207789
2026-09-05 16:28:41,084 [INFO] [MainThread] [root/api.py:69]: Fetching new weather data at 2026-09-05 16:28:41.084095
2026-09-05 16:38:40,223 [INFO] [MainThread] [root/api.py:69]: Fetching new weather data at 2026-09-05 16:38:40.223166
2026-09-05 21:36:45,865 [INFO] [MainThread] [root/log.py:104]: YASB v2.0.6
2026-09-05 21:36:45,866 [INFO] [CLIPipeServer] [cli_server/cli_server.py:216]: CLI server started v1.1.7
2026-09-05 21:36:45,866 [INFO] [MainThread] [cli_server/cli_server.py:106]: Log pipe server started
2026-09-05 21:36:45,872 [INFO] [MainThread] [root/env.py:22]: Loaded environment variables from C:\Users\gim95\.config\yasb\.env
2026-09-05 21:36:46,972 [INFO] [MainThread] [root/service.py:52]: AudioOutputService starting...
2026-09-05 21:36:47,297 [INFO] [MainThread] [root/watcher.py:65]: Watching directory: c:\users\gim95\.config\yasb
2026-09-05 21:36:47,297 [INFO] [MainThread] [root/watcher.py:104]: Created file watcher
2026-09-05 21:36:48,014 [INFO] [MainThread] [root/api.py:69]: Fetching new weather data at 2026-09-05 21:36:48.014951
2026-09-05 21:37:24,161 [WARNING] [MainThread] [glazewm_client/client.py:134]: WebSocket error: SocketError.RemoteHostClosedError. Reconnecting...
2026-09-05 21:37:24,161 [WARNING] [MainThread] [glazewm_client/client.py:134]: WebSocket error: SocketError.RemoteHostClosedError. Reconnecting...
2026-09-05 21:37:24,162 [WARNING] [MainThread] [glazewm_client/client.py:134]: WebSocket error: SocketError.RemoteHostClosedError. Reconnecting...
2026-09-05 21:37:24,168 [WARNING] [MainThread] [glazewm_client/client.py:134]: WebSocket error: SocketError.RemoteHostClosedError. Reconnecting...
2026-09-05 21:46:46,558 [INFO] [MainThread] [root/api.py:69]: Fetching new weather data at 2026-09-05 21:46:46.558742
2026-09-05 21:56:46,541 [INFO] [MainThread] [root/api.py:69]: Fetching new weather data at 2026-09-05 21:56:46.541159
2026-09-05 22:06:46,539 [INFO] [MainThread] [root/api.py:69]: Fetching new weather data at 2026-09-05 22:06:46.539172
2026-09-05 22:16:46,536 [INFO] [MainThread] [root/api.py:69]: Fetching new weather data at 2026-09-05 22:16:46.536596
2026-09-05 22:26:46,566 [INFO] [MainThread] [root/api.py:69]: Fetching new weather data at 2026-09-05 22:26:46.566238
2026-09-05 22:36:46,550 [INFO] [MainThread] [root/api.py:69]: Fetching new weather data at 2026-09-05 22:36:46.550631
2026-09-05 22:46:46,574 [INFO] [MainThread] [root/api.py:69]: Fetching new weather data at 2026-09-05 22:46:46.574576
2026-09-05 22:56:46,632 [INFO] [MainThread] [root/api.py:69]: Fetching new weather data at 2026-09-05 22:56:46.632224
2026-09-05 23:06:46,542 [INFO] [MainThread] [root/api.py:69]: Fetching new weather data at 2026-09-05 23:06:46.542564
2026-09-05 23:16:46,586 [INFO] [MainThread] [root/api.py:69]: Fetching new weather data at 2026-09-05 23:16:46.586146
2026-09-05 23:26:46,563 [INFO] [MainThread] [root/api.py:69]: Fetching new weather data at 2026-09-05 23:26:46.563726
2026-09-05 23:36:46,538 [INFO] [MainThread] [root/api.py:69]: Fetching new weather data at 2026-09-05 23:36:46.538648
2026-09-05 23:46:46,579 [INFO] [MainThread] [root/api.py:69]: Fetching new weather data at 2026-09-05 23:46:46.579160
2026-09-05 23:56:46,549 [INFO] [MainThread] [root/api.py:69]: Fetching new weather data at 2026-09-05 23:56:46.549485
2026-09-06 00:06:46,563 [INFO] [MainThread] [root/api.py:69]: Fetching new weather data at 2026-09-06 00:06:46.563658
2026-09-06 00:16:46,541 [INFO] [MainThread] [root/api.py:69]: Fetching new weather data at 2026-09-06 00:16:46.541041
2026-09-06 00:26:46,566 [INFO] [MainThread] [root/api.py:69]: Fetching new weather data at 2026-09-06 00:26:46.566317
2026-09-06 00:36:46,573 [INFO] [MainThread] [root/api.py:69]: Fetching new weather data at 2026-09-06 00:36:46.573774
2026-09-06 00:46:46,564 [INFO] [MainThread] [root/api.py:69]: Fetching new weather data at 2026-09-06 00:46:46.564211
2026-09-06 00:56:46,534 [INFO] [MainThread] [root/api.py:69]: Fetching new weather data at 2026-09-06 00:56:46.534728
2026-09-06 01:06:47,763 [INFO] [MainThread] [root/api.py:69]: Fetching new weather data at 2026-09-06 01:06:47.763004
2026-09-06 01:16:46,533 [INFO] [MainThread] [root/api.py:69]: Fetching new weather data at 2026-09-06 01:16:46.533092
2026-09-06 01:26:46,531 [INFO] [MainThread] [root/api.py:69]: Fetching new weather data at 2026-09-06 01:26:46.530995
2026-09-06 01:36:46,523 [INFO] [MainThread] [root/api.py:69]: Fetching new weather data at 2026-09-06 01:36:46.523751
2026-09-06 01:46:46,534 [INFO] [MainThread] [root/api.py:69]: Fetching new weather data at 2026-09-06 01:46:46.534274
2026-09-06 01:56:46,535 [INFO] [MainThread] [root/api.py:69]: Fetching new weather data at 2026-09-06 01:56:46.535894
2026-09-06 02:06:46,585 [INFO] [MainThread] [root/api.py:69]: Fetching new weather data at 2026-09-06 02:06:46.585853
2026-09-06 02:16:46,531 [INFO] [MainThread] [root/api.py:69]: Fetching new weather data at 2026-09-06 02:16:46.530970
2026-09-06 02:26:46,568 [INFO] [MainThread] [root/api.py:69]: Fetching new weather data at 2026-09-06 02:26:46.568473
2026-09-06 02:36:46,560 [INFO] [MainThread] [root/api.py:69]: Fetching new weather data at 2026-09-06 02:36:46.560016
2026-09-06 02:46:46,573 [INFO] [MainThread] [root/api.py:69]: Fetching new weather data at 2026-09-06 02:46:46.573336
2026-09-06 02:56:46,606 [INFO] [MainThread] [root/api.py:69]: Fetching new weather data at 2026-09-06 02:56:46.606872
2026-09-06 03:06:46,569 [INFO] [MainThread] [root/api.py:69]: Fetching new weather data at 2026-09-06 03:06:46.569888
2026-09-06 11:01:02,252 [INFO] [MainThread] [root/log.py:104]: YASB v2.0.6
2026-09-06 11:01:02,252 [INFO] [CLIPipeServer] [cli_server/cli_server.py:216]: CLI server started v1.1.7
2026-09-06 11:01:02,253 [INFO] [MainThread] [cli_server/cli_server.py:106]: Log pipe server started
2026-09-06 11:01:02,256 [INFO] [MainThread] [root/env.py:22]: Loaded environment variables from C:\Users\gim95\.config\yasb\.env
2026-09-06 11:01:03,108 [INFO] [MainThread] [root/service.py:52]: AudioOutputService starting...
2026-09-06 11:01:03,295 [INFO] [MainThread] [root/watcher.py:65]: Watching directory: c:\users\gim95\.config\yasb
2026-09-06 11:01:03,295 [INFO] [MainThread] [root/watcher.py:104]: Created file watcher
2026-09-06 11:01:03,831 [INFO] [MainThread] [root/api.py:69]: Fetching new weather data at 2026-09-06 11:01:03.831273
2026-09-06 11:01:46,872 [WARNING] [MainThread] [glazewm_client/client.py:134]: WebSocket error: SocketError.RemoteHostClosedError. Reconnecting...
2026-09-06 11:01:46,880 [WARNING] [MainThread] [glazewm_client/client.py:134]: WebSocket error: SocketError.RemoteHostClosedError. Reconnecting...
2026-09-06 11:01:46,881 [WARNING] [MainThread] [glazewm_client/client.py:134]: WebSocket error: SocketError.RemoteHostClosedError. Reconnecting...
2026-09-06 11:01:46,908 [WARNING] [MainThread] [glazewm_client/client.py:134]: WebSocket error: SocketError.RemoteHostClosedError. Reconnecting...
2026-09-06 11:11:02,905 [INFO] [MainThread] [root/api.py:69]: Fetching new weather data at 2026-09-06 11:11:02.905798
2026-09-06 11:21:02,893 [INFO] [MainThread] [root/api.py:69]: Fetching new weather data at 2026-09-06 11:21:02.893252
2026-09-06 11:31:02,899 [INFO] [MainThread] [root/api.py:69]: Fetching new weather data at 2026-09-06 11:31:02.899546
2026-09-06 11:41:02,915 [INFO] [MainThread] [root/api.py:69]: Fetching new weather data at 2026-09-06 11:41:02.915732
2026-09-06 11:51:02,894 [INFO] [MainThread] [root/api.py:69]: Fetching new weather data at 2026-09-06 11:51:02.894262
2026-09-06 12:01:03,017 [INFO] [MainThread] [root/api.py:69]: Fetching new weather data at 2026-09-06 12:01:03.017521
2026-09-06 12:11:02,840 [INFO] [MainThread] [root/api.py:69]: Fetching new weather data at 2026-09-06 12:11:02.840294
2026-09-06 12:21:02,868 [INFO] [MainThread] [root/api.py:69]: Fetching new weather data at 2026-09-06 12:21:02.868276
2026-09-06 12:31:02,905 [INFO] [MainThread] [root/api.py:69]: Fetching new weather data at 2026-09-06 12:31:02.905230
2026-09-06 12:41:02,867 [INFO] [MainThread] [root/api.py:69]: Fetching new weather data at 2026-09-06 12:41:02.867332
2026-09-06 13:29:36,244 [INFO] [MainThread] [root/log.py:104]: YASB v2.0.6
2026-09-06 13:29:36,245 [INFO] [CLIPipeServer] [cli_server/cli_server.py:216]: CLI server started v1.1.7
2026-09-06 13:29:36,245 [INFO] [MainThread] [cli_server/cli_server.py:106]: Log pipe server started
2026-09-06 13:29:36,250 [INFO] [MainThread] [root/env.py:22]: Loaded environment variables from C:\Users\gim95\.config\yasb\.env
2026-09-06 13:29:37,100 [INFO] [MainThread] [root/service.py:52]: AudioOutputService starting...
2026-09-06 13:29:37,358 [INFO] [MainThread] [root/watcher.py:65]: Watching directory: c:\users\gim95\.config\yasb
2026-09-06 13:29:37,358 [INFO] [MainThread] [root/watcher.py:104]: Created file watcher
2026-09-06 13:29:37,900 [INFO] [MainThread] [root/api.py:69]: Fetching new weather data at 2026-09-06 13:29:37.900462
2026-09-06 13:30:11,917 [WARNING] [MainThread] [glazewm_client/client.py:134]: WebSocket error: SocketError.RemoteHostClosedError. Reconnecting...
2026-09-06 13:30:11,921 [WARNING] [MainThread] [glazewm_client/client.py:134]: WebSocket error: SocketError.RemoteHostClosedError. Reconnecting...
2026-09-06 13:30:11,938 [WARNING] [MainThread] [glazewm_client/client.py:134]: WebSocket error: SocketError.RemoteHostClosedError. Reconnecting...
2026-09-06 13:30:11,989 [WARNING] [MainThread] [glazewm_client/client.py:134]: WebSocket error: SocketError.RemoteHostClosedError. Reconnecting...
2026-09-06 13:39:36,867 [INFO] [MainThread] [root/api.py:69]: Fetching new weather data at 2026-09-06 13:39:36.867261
2026-09-06 13:49:36,976 [INFO] [MainThread] [root/api.py:69]: Fetching new weather data at 2026-09-06 13:49:36.976310
2026-09-06 13:59:36,851 [INFO] [MainThread] [root/api.py:69]: Fetching new weather data at 2026-09-06 13:59:36.851736
2026-09-06 14:09:36,839 [INFO] [MainThread] [root/api.py:69]: Fetching new weather data at 2026-09-06 14:09:36.839663
2026-09-06 14:19:36,887 [INFO] [MainThread] [root/api.py:69]: Fetching new weather data at 2026-09-06 14:19:36.887237
2026-09-06 14:19:38,473 [INFO] [MainThread] [root/controller.py:43]: Exiting Application...
2026-09-06 14:19:38,577 [INFO] [MainThread] [cli_server/cli_server.py:114]: Log pipe server stopped
2026-09-06 14:21:11,421 [INFO] [MainThread] [root/log.py:104]: YASB v2.0.6
2026-09-06 14:21:11,422 [INFO] [CLIPipeServer] [cli_server/cli_server.py:216]: CLI server started v1.1.7
2026-09-06 14:21:11,422 [INFO] [MainThread] [cli_server/cli_server.py:106]: Log pipe server started
2026-09-06 14:21:11,426 [INFO] [MainThread] [root/env.py:22]: Loaded environment variables from C:\Users\gim95\.config\yasb\.env
2026-09-06 14:21:12,235 [INFO] [MainThread] [root/service.py:52]: AudioOutputService starting...
2026-09-06 14:21:12,464 [INFO] [MainThread] [root/watcher.py:65]: Watching directory: c:\users\gim95\.config\yasb
2026-09-06 14:21:12,464 [INFO] [MainThread] [root/watcher.py:104]: Created file watcher
2026-09-06 14:21:12,826 [INFO] [MainThread] [root/api.py:69]: Fetching new weather data at 2026-09-06 14:21:12.826737
2026-09-06 14:31:11,992 [INFO] [MainThread] [root/api.py:69]: Fetching new weather data at 2026-09-06 14:31:11.992722
2026-09-06 14:41:12,052 [INFO] [MainThread] [root/api.py:69]: Fetching new weather data at 2026-09-06 14:41:12.051971
2026-09-06 14:51:12,041 [INFO] [MainThread] [root/api.py:69]: Fetching new weather data at 2026-09-06 14:51:12.041776
2026-09-06 15:00:04,029 [WARNING] [MainThread] [glazewm_client/client.py:134]: WebSocket error: SocketError.RemoteHostClosedError. Reconnecting...
2026-09-06 15:00:04,038 [WARNING] [MainThread] [glazewm_client/client.py:134]: WebSocket error: SocketError.RemoteHostClosedError. Reconnecting...
2026-09-06 15:00:04,040 [WARNING] [MainThread] [glazewm_client/client.py:134]: WebSocket error: SocketError.RemoteHostClosedError. Reconnecting...
2026-09-06 15:00:04,040 [WARNING] [MainThread] [glazewm_client/client.py:134]: WebSocket error: SocketError.RemoteHostClosedError. Reconnecting...
2026-09-06 15:01:12,056 [INFO] [MainThread] [root/api.py:69]: Fetching new weather data at 2026-09-06 15:01:12.056177
2026-09-06 15:11:12,038 [INFO] [MainThread] [root/api.py:69]: Fetching new weather data at 2026-09-06 15:11:12.038735
2026-09-06 20:00:34,309 [INFO] [MainThread] [root/log.py:104]: YASB v2.0.6
2026-09-06 20:00:34,309 [INFO] [CLIPipeServer] [cli_server/cli_server.py:216]: CLI server started v1.1.7
2026-09-06 20:00:34,310 [INFO] [MainThread] [cli_server/cli_server.py:106]: Log pipe server started
2026-09-06 20:00:34,314 [INFO] [MainThread] [root/env.py:22]: Loaded environment variables from C:\Users\gim95\.config\yasb\.env
2026-09-06 20:00:35,434 [INFO] [MainThread] [root/service.py:52]: AudioOutputService starting...
2026-09-06 20:00:35,810 [INFO] [MainThread] [root/watcher.py:65]: Watching directory: c:\users\gim95\.config\yasb
2026-09-06 20:00:35,811 [INFO] [MainThread] [root/watcher.py:104]: Created file watcher
2026-09-06 20:00:36,345 [INFO] [MainThread] [root/api.py:69]: Fetching new weather data at 2026-09-06 20:00:36.345070
2026-09-06 20:10:34,968 [INFO] [MainThread] [root/api.py:69]: Fetching new weather data at 2026-09-06 20:10:34.968113
2026-09-06 20:20:35,008 [INFO] [MainThread] [root/api.py:69]: Fetching new weather data at 2026-09-06 20:20:35.008526
2026-09-06 20:30:35,622 [INFO] [MainThread] [root/api.py:69]: Fetching new weather data at 2026-09-06 20:30:35.622592
2026-09-06 20:40:34,933 [INFO] [MainThread] [root/api.py:69]: Fetching new weather data at 2026-09-06 20:40:34.933107
2026-09-06 20:50:34,949 [INFO] [MainThread] [root/api.py:69]: Fetching new weather data at 2026-09-06 20:50:34.949843
2026-09-06 21:00:39,558 [INFO] [MainThread] [root/api.py:69]: Fetching new weather data at 2026-09-06 21:00:39.558850
2026-09-06 21:10:34,945 [INFO] [MainThread] [root/api.py:69]: Fetching new weather data at 2026-09-06 21:10:34.945554
2026-09-06 21:20:35,599 [INFO] [MainThread] [root/api.py:69]: Fetching new weather data at 2026-09-06 21:20:35.599864
2026-09-06 21:30:34,951 [INFO] [MainThread] [root/api.py:69]: Fetching new weather data at 2026-09-06 21:30:34.951610
2026-09-06 21:40:34,983 [INFO] [MainThread] [root/api.py:69]: Fetching new weather data at 2026-09-06 21:40:34.983335
2026-09-06 21:50:35,133 [INFO] [MainThread] [root/api.py:69]: Fetching new weather data at 2026-09-06 21:50:35.133732
2026-09-06 22:00:35,116 [INFO] [MainThread] [root/api.py:69]: Fetching new weather data at 2026-09-06 22:00:35.116768
2026-09-06 22:10:35,264 [INFO] [MainThread] [root/api.py:69]: Fetching new weather data at 2026-09-06 22:10:35.264415
2026-09-06 22:16:14,108 [WARNING] [MainThread] [glazewm_client/client.py:134]: WebSocket error: SocketError.RemoteHostClosedError. Reconnecting...
2026-09-06 22:16:14,120 [WARNING] [MainThread] [glazewm_client/client.py:134]: WebSocket error: SocketError.RemoteHostClosedError. Reconnecting...
2026-09-06 22:16:14,122 [WARNING] [MainThread] [glazewm_client/client.py:134]: WebSocket error: SocketError.RemoteHostClosedError. Reconnecting...
2026-09-06 22:16:14,161 [WARNING] [MainThread] [glazewm_client/client.py:134]: WebSocket error: SocketError.RemoteHostClosedError. Reconnecting...
2026-09-07 16:49:54,054 [INFO] [MainThread] [root/log.py:104]: YASB v2.0.6
2026-09-07 16:49:54,054 [INFO] [CLIPipeServer] [cli_server/cli_server.py:216]: CLI server started v1.1.7
2026-09-07 16:49:54,055 [INFO] [MainThread] [cli_server/cli_server.py:106]: Log pipe server started
2026-09-07 16:49:54,059 [INFO] [MainThread] [root/env.py:22]: Loaded environment variables from C:\Users\gim95\.config\yasb\.env
2026-09-07 16:49:54,778 [INFO] [MainThread] [root/service.py:52]: AudioOutputService starting...
2026-09-07 16:49:55,040 [INFO] [MainThread] [root/watcher.py:65]: Watching directory: c:\users\gim95\.config\yasb
2026-09-07 16:49:55,040 [INFO] [MainThread] [root/watcher.py:104]: Created file watcher
2026-09-07 16:49:55,987 [INFO] [MainThread] [root/api.py:69]: Fetching new weather data at 2026-09-07 16:49:55.987267
2026-09-07 16:50:40,796 [WARNING] [MainThread] [glazewm_client/client.py:134]: WebSocket error: SocketError.RemoteHostClosedError. Reconnecting...
2026-09-07 16:50:40,805 [WARNING] [MainThread] [glazewm_client/client.py:134]: WebSocket error: SocketError.RemoteHostClosedError. Reconnecting...
2026-09-07 16:50:40,806 [WARNING] [MainThread] [glazewm_client/client.py:134]: WebSocket error: SocketError.RemoteHostClosedError. Reconnecting...
2026-09-07 16:50:40,807 [WARNING] [MainThread] [glazewm_client/client.py:134]: WebSocket error: SocketError.RemoteHostClosedError. Reconnecting...
2026-09-07 16:59:55,288 [INFO] [MainThread] [root/api.py:69]: Fetching new weather data at 2026-09-07 16:59:55.288825
2026-09-07 17:09:54,828 [INFO] [MainThread] [root/api.py:69]: Fetching new weather data at 2026-09-07 17:09:54.828417
2026-09-07 17:19:54,770 [INFO] [MainThread] [root/api.py:69]: Fetching new weather data at 2026-09-07 17:19:54.770729
2026-09-07 17:29:55,047 [INFO] [MainThread] [root/api.py:69]: Fetching new weather data at 2026-09-07 17:29:55.047526
2026-09-07 17:39:54,821 [INFO] [MainThread] [root/api.py:69]: Fetching new weather data at 2026-09-07 17:39:54.821234
2026-09-07 17:46:09,833 [INFO] [MainThread] [root/bar_helper.py:594]: AppBarManager need to re-register 2 bars
2026-09-07 17:46:10,119 [INFO] [MainThread] [root/bar_helper.py:603]: Re-registered AppBar for status-bar_S24F350_4a6a325c (space reservation + fullscreen)
2026-09-07 17:46:10,242 [INFO] [MainThread] [root/bar_helper.py:603]: Re-registered AppBar for status-bar_LG FULL HD_72a72312 (space reservation + fullscreen)
2026-09-07 17:49:54,899 [INFO] [MainThread] [root/api.py:69]: Fetching new weather data at 2026-09-07 17:49:54.899053
2026-09-07 17:59:55,035 [INFO] [MainThread] [root/api.py:69]: Fetching new weather data at 2026-09-07 17:59:55.035164
2026-09-07 18:09:54,836 [INFO] [MainThread] [root/api.py:69]: Fetching new weather data at 2026-09-07 18:09:54.836595
2026-09-07 18:19:54,763 [INFO] [MainThread] [root/api.py:69]: Fetching new weather data at 2026-09-07 18:19:54.763958
2026-09-07 18:29:55,048 [INFO] [MainThread] [root/api.py:69]: Fetching new weather data at 2026-09-07 18:29:55.048299
2026-09-07 18:39:54,993 [INFO] [MainThread] [root/api.py:69]: Fetching new weather data at 2026-09-07 18:39:54.993250
2026-09-07 18:49:55,140 [INFO] [MainThread] [root/api.py:69]: Fetching new weather data at 2026-09-07 18:49:55.140289
2026-09-07 18:59:56,004 [INFO] [MainThread] [root/api.py:69]: Fetching new weather data at 2026-09-07 18:59:56.004042
2026-09-07 19:09:54,879 [INFO] [MainThread] [root/api.py:69]: Fetching new weather data at 2026-09-07 19:09:54.879633
2026-09-07 19:19:54,725 [INFO] [MainThread] [root/api.py:69]: Fetching new weather data at 2026-09-07 19:19:54.725202
2026-09-07 19:29:54,673 [INFO] [MainThread] [root/api.py:69]: Fetching new weather data at 2026-09-07 19:29:54.673479
2026-09-07 19:39:54,705 [INFO] [MainThread] [root/api.py:69]: Fetching new weather data at 2026-09-07 19:39:54.705240
2026-09-07 19:49:54,774 [INFO] [MainThread] [root/api.py:69]: Fetching new weather data at 2026-09-07 19:49:54.774810
2026-09-07 21:11:25,896 [INFO] [MainThread] [root/log.py:104]: YASB v2.0.6
2026-09-07 21:11:25,897 [INFO] [CLIPipeServer] [cli_server/cli_server.py:216]: CLI server started v1.1.7
2026-09-07 21:11:25,897 [INFO] [MainThread] [cli_server/cli_server.py:106]: Log pipe server started
2026-09-07 21:11:25,903 [INFO] [MainThread] [root/env.py:22]: Loaded environment variables from C:\Users\gim95\.config\yasb\.env
2026-09-07 21:11:26,744 [INFO] [MainThread] [root/service.py:52]: AudioOutputService starting...
2026-09-07 21:11:26,966 [INFO] [MainThread] [root/watcher.py:65]: Watching directory: c:\users\gim95\.config\yasb
2026-09-07 21:11:26,966 [INFO] [MainThread] [root/watcher.py:104]: Created file watcher
2026-09-07 21:11:27,504 [INFO] [MainThread] [root/api.py:69]: Fetching new weather data at 2026-09-07 21:11:27.504519
2026-09-07 21:21:06,672 [WARNING] [MainThread] [glazewm_client/client.py:134]: WebSocket error: SocketError.RemoteHostClosedError. Reconnecting...
2026-09-07 21:21:06,673 [WARNING] [MainThread] [glazewm_client/client.py:134]: WebSocket error: SocketError.RemoteHostClosedError. Reconnecting...
2026-09-07 21:21:06,676 [WARNING] [MainThread] [glazewm_client/client.py:134]: WebSocket error: SocketError.RemoteHostClosedError. Reconnecting...
2026-09-07 21:21:06,685 [WARNING] [MainThread] [glazewm_client/client.py:134]: WebSocket error: SocketError.RemoteHostClosedError. Reconnecting...
2026-09-07 21:21:26,519 [INFO] [MainThread] [root/api.py:69]: Fetching new weather data at 2026-09-07 21:21:26.519828
2026-09-07 21:31:26,519 [INFO] [MainThread] [root/api.py:69]: Fetching new weather data at 2026-09-07 21:31:26.519296
2026-09-07 21:41:26,516 [INFO] [MainThread] [root/api.py:69]: Fetching new weather data at 2026-09-07 21:41:26.516681
2026-09-07 22:39:10,526 [INFO] [MainThread] [root/log.py:104]: YASB v2.0.6
2026-09-07 22:39:10,526 [INFO] [CLIPipeServer] [cli_server/cli_server.py:216]: CLI server started v1.1.7
2026-09-07 22:39:10,527 [INFO] [MainThread] [cli_server/cli_server.py:106]: Log pipe server started
2026-09-07 22:39:10,532 [INFO] [MainThread] [root/env.py:22]: Loaded environment variables from C:\Users\gim95\.config\yasb\.env
2026-09-07 22:39:11,435 [INFO] [MainThread] [root/service.py:52]: AudioOutputService starting...
2026-09-07 22:39:11,669 [INFO] [MainThread] [root/watcher.py:65]: Watching directory: c:\users\gim95\.config\yasb
2026-09-07 22:39:11,669 [INFO] [MainThread] [root/watcher.py:104]: Created file watcher
2026-09-07 22:39:12,189 [INFO] [MainThread] [root/api.py:69]: Fetching new weather data at 2026-09-07 22:39:12.189138
2026-09-07 22:49:11,192 [INFO] [MainThread] [root/api.py:69]: Fetching new weather data at 2026-09-07 22:49:11.192846
2026-09-07 22:52:42,329 [WARNING] [MainThread] [glazewm_client/client.py:134]: WebSocket error: SocketError.RemoteHostClosedError. Reconnecting...
2026-09-07 22:52:42,341 [WARNING] [MainThread] [glazewm_client/client.py:134]: WebSocket error: SocketError.RemoteHostClosedError. Reconnecting...
2026-09-07 22:52:42,342 [WARNING] [MainThread] [glazewm_client/client.py:134]: WebSocket error: SocketError.RemoteHostClosedError. Reconnecting...
2026-09-07 22:52:42,362 [WARNING] [MainThread] [glazewm_client/client.py:134]: WebSocket error: SocketError.RemoteHostClosedError. Reconnecting...
2026-09-07 22:59:11,184 [INFO] [MainThread] [root/api.py:69]: Fetching new weather data at 2026-09-07 22:59:11.184122
2026-09-07 23:09:11,176 [INFO] [MainThread] [root/api.py:69]: Fetching new weather data at 2026-09-07 23:09:11.176676
2026-09-07 23:19:11,180 [INFO] [MainThread] [root/api.py:69]: Fetching new weather data at 2026-09-07 23:19:11.180163
2026-09-07 23:29:11,157 [INFO] [MainThread] [root/api.py:69]: Fetching new weather data at 2026-09-07 23:29:11.157681
2026-09-08 18:45:03,921 [INFO] [MainThread] [root/log.py:104]: YASB v2.0.6
2026-09-08 18:45:03,922 [INFO] [CLIPipeServer] [cli_server/cli_server.py:216]: CLI server started v1.1.7
2026-09-08 18:45:03,922 [INFO] [MainThread] [cli_server/cli_server.py:106]: Log pipe server started
2026-09-08 18:45:03,926 [INFO] [MainThread] [root/env.py:22]: Loaded environment variables from C:\Users\gim95\.config\yasb\.env
2026-09-08 18:45:04,829 [INFO] [MainThread] [root/service.py:52]: AudioOutputService starting...
2026-09-08 18:45:05,048 [INFO] [MainThread] [root/watcher.py:65]: Watching directory: c:\users\gim95\.config\yasb
2026-09-08 18:45:05,048 [INFO] [MainThread] [root/watcher.py:104]: Created file watcher
2026-09-08 18:45:05,609 [INFO] [MainThread] [root/api.py:69]: Fetching new weather data at 2026-09-08 18:45:05.609826
2026-09-08 18:51:48,413 [WARNING] [MainThread] [glazewm_client/client.py:134]: WebSocket error: SocketError.RemoteHostClosedError. Reconnecting...
2026-09-08 18:51:48,422 [WARNING] [MainThread] [glazewm_client/client.py:134]: WebSocket error: SocketError.RemoteHostClosedError. Reconnecting...
2026-09-08 18:51:48,423 [WARNING] [MainThread] [glazewm_client/client.py:134]: WebSocket error: SocketError.RemoteHostClosedError. Reconnecting...
2026-09-08 18:51:48,449 [WARNING] [MainThread] [glazewm_client/client.py:134]: WebSocket error: SocketError.RemoteHostClosedError. Reconnecting...
2026-09-08 18:55:04,564 [INFO] [MainThread] [root/api.py:69]: Fetching new weather data at 2026-09-08 18:55:04.564452
2026-09-08 19:05:04,542 [INFO] [MainThread] [root/api.py:69]: Fetching new weather data at 2026-09-08 19:05:04.542303
2026-09-08 19:15:04,591 [INFO] [MainThread] [root/api.py:69]: Fetching new weather data at 2026-09-08 19:15:04.591505
2026-09-08 19:25:04,734 [INFO] [MainThread] [root/api.py:69]: Fetching new weather data at 2026-09-08 19:25:04.734396
2026-09-08 19:35:05,588 [INFO] [MainThread] [root/api.py:69]: Fetching new weather data at 2026-09-08 19:35:05.588011
2026-09-08 19:45:04,533 [INFO] [MainThread] [root/api.py:69]: Fetching new weather data at 2026-09-08 19:45:04.533640
2026-09-08 19:55:04,553 [INFO] [MainThread] [root/api.py:69]: Fetching new weather data at 2026-09-08 19:55:04.553572
2026-09-08 20:05:04,519 [INFO] [MainThread] [root/api.py:69]: Fetching new weather data at 2026-09-08 20:05:04.519665
2026-09-08 20:15:04,619 [INFO] [MainThread] [root/api.py:69]: Fetching new weather data at 2026-09-08 20:15:04.619062
2026-09-08 20:25:04,565 [INFO] [MainThread] [root/api.py:69]: Fetching new weather data at 2026-09-08 20:25:04.565230
2026-09-08 20:35:04,570 [INFO] [MainThread] [root/api.py:69]: Fetching new weather data at 2026-09-08 20:35:04.570926
2026-09-08 20:45:04,518 [INFO] [MainThread] [root/api.py:69]: Fetching new weather data at 2026-09-08 20:45:04.518125
2026-09-08 20:55:04,552 [INFO] [MainThread] [root/api.py:69]: Fetching new weather data at 2026-09-08 20:55:04.551985
2026-09-08 21:05:04,528 [INFO] [MainThread] [root/api.py:69]: Fetching new weather data at 2026-09-08 21:05:04.528193
2026-09-08 21:15:04,543 [INFO] [MainThread] [root/api.py:69]: Fetching new weather data at 2026-09-08 21:15:04.543310
2026-09-08 21:25:04,515 [INFO] [MainThread] [root/api.py:69]: Fetching new weather data at 2026-09-08 21:25:04.515351
2026-09-08 21:35:04,518 [INFO] [MainThread] [root/api.py:69]: Fetching new weather data at 2026-09-08 21:35:04.518092
2026-09-08 21:45:04,515 [INFO] [MainThread] [root/api.py:69]: Fetching new weather data at 2026-09-08 21:45:04.515031
2026-09-08 21:55:04,552 [INFO] [MainThread] [root/api.py:69]: Fetching new weather data at 2026-09-08 21:55:04.552340
2026-09-08 22:05:04,561 [INFO] [MainThread] [root/api.py:69]: Fetching new weather data at 2026-09-08 22:05:04.561377
2026-09-08 22:15:04,525 [INFO] [MainThread] [root/api.py:69]: Fetching new weather data at 2026-09-08 22:15:04.525589
2026-09-09 16:52:51,755 [INFO] [MainThread] [root/log.py:104]: YASB v2.0.6
2026-09-09 16:52:51,756 [INFO] [CLIPipeServer] [cli_server/cli_server.py:216]: CLI server started v1.1.7
2026-09-09 16:52:51,756 [INFO] [MainThread] [cli_server/cli_server.py:106]: Log pipe server started
2026-09-09 16:52:51,761 [INFO] [MainThread] [root/env.py:22]: Loaded environment variables from C:\Users\gim95\.config\yasb\.env
2026-09-09 16:52:52,601 [INFO] [MainThread] [root/service.py:52]: AudioOutputService starting...
2026-09-09 16:52:52,847 [INFO] [MainThread] [root/watcher.py:65]: Watching directory: c:\users\gim95\.config\yasb
2026-09-09 16:52:52,847 [INFO] [MainThread] [root/watcher.py:104]: Created file watcher
2026-09-09 16:52:53,429 [INFO] [MainThread] [root/api.py:69]: Fetching new weather data at 2026-09-09 16:52:53.429631
2026-09-09 17:02:53,040 [INFO] [MainThread] [root/api.py:69]: Fetching new weather data at 2026-09-09 17:02:53.040335
